ingest_csv_filename,platform,deployment#,uframe_route,filename_mask,number_files,file of today,file <= 1k,file > 1K,reference_designator,data_source,Automated_status,status,notes
GA01SUMO_D00001_ingest.csv,GA01SUMO,1,# Ingest.mopak-o-dcl_telemetered,/omc_data/whoi/OMC/GA01SUMO/D00001/cg_data/dcl11/mopak/*.mopak.log,0,0,0,0,GA01SUMO-SBD11-01-MOPAK0000,telemetered,Missing,No Mopak Data,NaN
GA01SUMO_D00001_ingest.csv,GA01SUMO,1,Ingest.dosta-abcdjm-dcl_telemetered,/omc_data/whoi/OMC/GA01SUMO/D00001/cg_data/dcl11/dosta1/*.dosta.log,35,0,6,29,GA01SUMO-SBD11-04-DOSTAD000,telemetered,Available,,NaN
GA01SUMO_D00001_ingest.csv,GA01SUMO,1,Ingest.spkir-abj-dcl_telemetered,/omc_data/whoi/OMC/GA01SUMO/D00001/cg_data/dcl11/spkir1/*.spkir1.log,294,0,4,290,GA01SUMO-SBD11-05-SPKIRB000,telemetered,Available,,NaN
GA01SUMO_D00001_ingest.csv,GA01SUMO,1,Ingest.metbk-a-dcl_telemetered,/omc_data/whoi/OMC/GA01SUMO/D00001/cg_data/dcl11/metbk1/*.metbk*.log,97,0,22,75,GA01SUMO-SBD11-06-METBKA000,telemetered,Available,,NaN
GA01SUMO_D00001_ingest.csv,GA01SUMO,1,Ingest.nutnr-b-dcl-full_telemetered,/omc_data/whoi/OMC/GA01SUMO/D00001/cg_data/dcl11/nutnr1/*.nutnr*.log,246,0,22,224,GA01SUMO-SBD11-08-NUTNRB000,telemetered,Available,,NaN
GA01SUMO_D00001_ingest.csv,GA01SUMO,1,Ingest.optaa-dj-dcl_telemetered,/omc_data/whoi/OMC/GA01SUMO/D00001/cg_data/dcl12/optaa1/*.optaa*.log,822,0,55,767,GA01SUMO-SBD12-01-OPTAAD000,telemetered,Available,,NaN
GA01SUMO_D00001_ingest.csv,GA01SUMO,1,Ingest.flort-dj-dcl_telemetered,/omc_data/whoi/OMC/GA01SUMO/D00001/cg_data/dcl12/flort1/*.flort*.log,78,0,33,45,GA01SUMO-SBD12-02-FLORTD000,telemetered,Available,,NaN
GA01SUMO_D00001_ingest.csv,GA01SUMO,1,Ingest.pco2a-a-dcl_telemetered,/omc_data/whoi/OMC/GA01SUMO/D00001/cg_data/dcl12/pco2a/*.pco2a.log,69,0,16,53,GA01SUMO-SBD12-04-PCO2AA000,telemetered,Available,,NaN
GA01SUMO_D00001_ingest.csv,GA01SUMO,1,Ingest.wavss-a-dcl-full_telemetered,/omc_data/whoi/OMC/GA01SUMO/D00001/cg_data/dcl12/wavss/*.wavss.log,311,0,6,305,GA01SUMO-SBD12-05-WAVSSA000,telemetered,Available,,NaN
GA01SUMO_D00001_ingest.csv,GA01SUMO,1,Ingest.metbk-a-dcl_telemetered,/omc_data/whoi/OMC/GA01SUMO/D00001/cg_data/dcl12/metbk2/*.metbk*.log,311,0,7,304,GA01SUMO-SBD12-06-METBKA000,telemetered,Available,,NaN
GA01SUMO_D00001_ingest.csv,GA01SUMO,1,Ingest.optaa-dj-dcl_telemetered,/omc_data/whoi/OMC/GA01SUMO/D00001/cg_data/dcl16/optaa2/*.optaa*.log,6298,0,32,6266,GA01SUMO-RID16-01-OPTAAD000,telemetered,Available,,NaN
GA01SUMO_D00001_ingest.csv,GA01SUMO,1,Ingest.flort-dj-dcl_telemetered,/omc_data/whoi/OMC/GA01SUMO/D00001/cg_data/dcl16/flort2/*.flort*.log,290,0,9,281,GA01SUMO-RID16-02-FLORTD000,telemetered,Available,,NaN
GA01SUMO_D00001_ingest.csv,GA01SUMO,1,Ingest.ctdbp-cdef-dcl_telemetered,/omc_data/whoi/OMC/GA01SUMO/D00001/cg_data/dcl16/ctdbp/*.ctdbp.log,297,0,5,292,GA01SUMO-RID16-03-CTDBPF000,telemetered,Available,,NaN
GA01SUMO_D00001_ingest.csv,GA01SUMO,1,Ingest.velpt-ab-dcl_telemetered,/omc_data/whoi/OMC/GA01SUMO/D00001/cg_data/dcl16/velpt/*.velpt.log,17,0,17,0,GA01SUMO-RID16-04-VELPTA000,telemetered,Available,,NaN
GA01SUMO_D00001_ingest.csv,GA01SUMO,1,Ingest.pco2w-abc-dcl_telemetered,/omc_data/whoi/OMC/GA01SUMO/D00001/cg_data/dcl16/pco2w/*.pco2w.log,269,0,15,254,GA01SUMO-RID16-05-PCO2WB000,telemetered,Available,,NaN
GA01SUMO_D00001_ingest.csv,GA01SUMO,1,Ingest.dosta-abcdjm-dcl_telemetered,/omc_data/whoi/OMC/GA01SUMO/D00001/cg_data/dcl16/dosta2/*.dosta2.log,273,0,0,273,GA01SUMO-RID16-06-DOSTAD000,telemetered,Available,,NaN
GA01SUMO_D00001_ingest.csv,GA01SUMO,1,Ingest.nutnr-b-dcl-full_telemetered,/omc_data/whoi/OMC/GA01SUMO/D00001/cg_data/dcl16/nutnr2/*.nutnr2.log,278,0,0,278,GA01SUMO-RID16-07-NUTNRB000,telemetered,Available,,NaN
GA01SUMO_D00001_ingest.csv,GA01SUMO,1,Ingest.spkir-abj-dcl_telemetered,/omc_data/whoi/OMC/GA01SUMO/D00001/cg_data/dcl16/spkir2/*.spkir2.log,289,0,11,278,GA01SUMO-RID16-08-SPKIRB000,telemetered,Available,,NaN
GA01SUMO_D00001_ingest.csv,GA01SUMO,1,Ingest.ctdmo-ghqr-imodem_telemetered,/omc_data/whoi/OMC/GA01SUMO/D00001/cg_data/dcl11/imm/ctdmo01/ctdmo*.DAT,5762,0,5758,4,GA01SUMO-RII11-02-CTDMOQ011,telemetered,Available,,NaN
GA01SUMO_D00001_ingest.csv,GA01SUMO,1,Ingest.ctdmo-ghqr-imodem_telemetered,/omc_data/whoi/OMC/GA01SUMO/D00001/cg_data/dcl11/imm/ctdmo02/ctdmo*.DAT,5762,0,5758,4,GA01SUMO-RII11-02-CTDMOQ031,telemetered,Available,,NaN
GA01SUMO_D00001_ingest.csv,GA01SUMO,1,Ingest.ctdmo-ghqr-imodem_telemetered,/omc_data/whoi/OMC/GA01SUMO/D00001/cg_data/dcl11/imm/ctdmo03/ctdmo*.DAT,5748,0,5744,4,GA01SUMO-RII11-02-CTDMOQ012,telemetered,Available,,NaN
GA01SUMO_D00001_ingest.csv,GA01SUMO,1,Ingest.ctdmo-ghqr-imodem_telemetered,/omc_data/whoi/OMC/GA01SUMO/D00001/cg_data/dcl11/imm/ctdmo04/ctdmo*.DAT,5761,0,5757,4,GA01SUMO-RII11-02-CTDMOQ013,telemetered,Available,,NaN
GA01SUMO_D00001_ingest.csv,GA01SUMO,1,Ingest.ctdmo-ghqr-imodem_telemetered,/omc_data/whoi/OMC/GA01SUMO/D00001/cg_data/dcl11/imm/ctdmo05/ctdmo*.DAT,5759,0,5755,4,GA01SUMO-RII11-02-CTDMOQ033,telemetered,Available,,NaN
GA01SUMO_D00001_ingest.csv,GA01SUMO,1,Ingest.ctdmo-ghqr-imodem_telemetered,/omc_data/whoi/OMC/GA01SUMO/D00001/cg_data/dcl11/imm/ctdmo06/ctdmo*.DAT,5746,0,5741,5,GA01SUMO-RII11-02-CTDMOQ014,telemetered,Available,,NaN
GA01SUMO_D00001_ingest.csv,GA01SUMO,1,Ingest.ctdmo-ghqr-imodem_telemetered,/omc_data/whoi/OMC/GA01SUMO/D00001/cg_data/dcl11/imm/ctdmo07/ctdmo*.DAT,5737,0,5732,5,GA01SUMO-RII11-02-CTDMOQ015,telemetered,Available,,NaN
GA01SUMO_D00001_ingest.csv,GA01SUMO,1,Ingest.ctdmo-ghqr-imodem_telemetered,/omc_data/whoi/OMC/GA01SUMO/D00001/cg_data/dcl11/imm/ctdmo08/ctdmo*.DAT,5759,0,5755,4,GA01SUMO-RII11-02-CTDMOQ016,telemetered,Available,,NaN
GA01SUMO_D00001_ingest.csv,GA01SUMO,1,Ingest.ctdmo-ghqr-imodem_telemetered,/omc_data/whoi/OMC/GA01SUMO/D00001/cg_data/dcl11/imm/ctdmo09/ctdmo*.DAT,5731,0,5725,6,GA01SUMO-RII11-02-CTDMOQ017,telemetered,Available,,NaN
GA01SUMO_D00001_ingest.csv,GA01SUMO,1,Ingest.ctdmo-ghqr-imodem_telemetered,/omc_data/whoi/OMC/GA01SUMO/D00001/cg_data/dcl11/imm/ctdmo10/ctdmo*.DAT,5755,0,5750,5,GA01SUMO-RII11-02-CTDMOR018,telemetered,Available,,NaN
GA01SUMO_D00001_ingest.csv,GA01SUMO,1,Ingest.ctdmo-ghqr-imodem_telemetered,/omc_data/whoi/OMC/GA01SUMO/D00001/cg_data/dcl11/imm/ctdmo11/ctdmo*.DAT,5773,0,5768,5,GA01SUMO-RII11-02-CTDMOR019,telemetered,Available,,NaN
GA01SUMO_D00001_ingest.csv,GA01SUMO,1,Ingest.ctdmo-ghqr-imodem_telemetered,/omc_data/whoi/OMC/GA01SUMO/D00001/cg_data/dcl11/imm/ctdmo12/ctdmo*.DAT,5787,0,5783,4,GA01SUMO-RII11-02-CTDMOR020,telemetered,Available,,NaN
GA01SUMO_D00001_ingest.csv,GA01SUMO,1,# Ingest.dosta-abcdjm-dcl_telemetered,/omc_data/whoi/OMC/GA01SUMO/D00001/cg_data/dcl11/imm/dosta/dosta*.DAT,0,0,0,0,GA01SUMO-RII11-02-DOSTAD031,telemetered,Missing,Not installed,NaN
GA01SUMO_D00001_ingest.csv,GA01SUMO,1,# Ingest.dosta-abcdjm-dcl_telemetered,/omc_data/whoi/OMC/GA01SUMO/D00001/cg_data/dcl11/imm/dosta/dosta*.DAT,0,0,0,0,GA01SUMO-RII11-02-DOSTAD032,telemetered,Missing,Not installed,NaN
GA01SUMO_D00001_ingest.csv,GA01SUMO,1,# Ingest.dosta-abcdjm-dcl_telemetered,/omc_data/whoi/OMC/GA01SUMO/D00001/cg_data/dcl11/imm/dosta/dosta*.DAT,0,0,0,0,GA01SUMO-RII11-02-DOSTAD033,telemetered,Missing,Not installed,NaN
GA01SUMO_D00001_ingest.csv,GA01SUMO,1,Ingest.phsen-abcdef-imodem_telemetered,/omc_data/whoi/OMC/GA01SUMO/D00001/cg_data/dcl11/imm/phsen1/phsen*.DAT,3459,0,3451,8,GA01SUMO-RII11-02-PHSENE041,telemetered,Available,,NaN
GA01SUMO_D00001_ingest.csv,GA01SUMO,1,Ingest.phsen-abcdef-imodem_telemetered,/omc_data/whoi/OMC/GA01SUMO/D00001/cg_data/dcl11/imm/phsen2/phsen*.DAT,5617,0,5613,4,GA01SUMO-RII11-02-PHSENE042,telemetered,Available,,NaN
GA01SUMO_D00001_ingest.csv,GA01SUMO,1,Ingest.hyd-o-dcl_telemetered,/omc_data/whoi/OMC/GA01SUMO/D00001/cg_data/dcl11/hyd*/*hyd*.log,297,0,6,291,GA01SUMO-SBD11-03-HYDGN0000,telemetered,Available,,NaN
GA01SUMO_D00001_ingest.csv,GA01SUMO,1,Ingest.hyd-o-dcl_telemetered,/omc_data/whoi/OMC/GA01SUMO/D00001/cg_data/dcl12/hyd*/*hyd*.log,285,0,6,279,GA01SUMO-SBD12-03-HYDGN0000,telemetered,Available,,NaN
GA01SUMO_D00001_ingest.csv,GA01SUMO,1,#,,file_mask is empty,file_mask is empty,file_mask is empty,file_mask is empty,GA01SUMO-RII11-02-CTDBPP031,telemetered,,Not installed,NaN
GA01SUMO_D00001_ingest.csv,GA01SUMO,1,#,,file_mask is empty,file_mask is empty,file_mask is empty,file_mask is empty,GA01SUMO-RII11-02-FLORDG031,telemetered,,Not installed,NaN
GA01SUMO_D00001_ingest.csv,GA01SUMO,1,Ingest.pco2w-abc-imodem_telemetered,/omc_data/whoi/OMC/GA01SUMO/D00001/cg_data/dcl11/imm/pco2w1/pco2w*.DAT,3383,0,3382,1,GA01SUMO-RII11-02-PCO2WC051,telemetered,Available,,NaN
GA01SUMO_D00001_ingest.csv,GA01SUMO,1,#,,file_mask is empty,file_mask is empty,file_mask is empty,file_mask is empty,GA01SUMO-RII11-02-CTDBPP032,telemetered,,Not installed,NaN
GA01SUMO_D00001_ingest.csv,GA01SUMO,1,#,,file_mask is empty,file_mask is empty,file_mask is empty,file_mask is empty,GA01SUMO-RII11-02-FLORDG032,telemetered,,Not installed,NaN
GA01SUMO_D00001_ingest.csv,GA01SUMO,1,Ingest.pco2w-abc-imodem_telemetered,/omc_data/whoi/OMC/GA01SUMO/D00001/cg_data/dcl11/imm/pco2w2/pco2w*.DAT,351,0,349,2,GA01SUMO-RII11-02-PCO2WC052,telemetered,Available,,NaN
GA01SUMO_D00001_ingest.csv,GA01SUMO,1,#,,file_mask is empty,file_mask is empty,file_mask is empty,file_mask is empty,GA01SUMO-RII11-02-CTDBPP033,telemetered,,Not installed,NaN
GA01SUMO_D00001_ingest.csv,GA01SUMO,1,#,,file_mask is empty,file_mask is empty,file_mask is empty,file_mask is empty,GA01SUMO-RII11-02-FLORDG033,telemetered,,Not installed,NaN
GA01SUMO_D00001_ingest.csv,GA01SUMO,1,Ingest.pco2w-abc-imodem_telemetered,/omc_data/whoi/OMC/GA01SUMO/D00001/cg_data/dcl11/imm/pco2w3/pco2w*.DAT,476,0,475,1,GA01SUMO-RII11-02-PCO2WC053,telemetered,Available,,NaN
GA01SUMO_D00001_ingest.csv,GA01SUMO,1,Ingest.adcps-jln-stc_telemetered,/omc_data/whoi/OMC/GA01SUMO/D00001/cg_data/dcl11/imm/adcp/adcp*.DAT,5756,0,5749,7,GA01SUMO-RII11-02-ADCPSN010,telemetered,Available,,NaN
GA01SUMO_D00001_ingest.csv,GA01SUMO,1,Ingest.cg-cpm-eng-cpm_telemetered,/omc_data/whoi/OMC/GA01SUMO/D00001/irid2shore/cpm_status*.txt,1668,0,0,1668,GA01SUMO-SBC11-00-CPMENG000,telemetered,Available,,NaN
GA01SUMO_D00001_ingest.csv,GA01SUMO,1,Ingest.cg-dcl-eng-dcl_telemetered,/omc_data/whoi/OMC/GA01SUMO/D00001/cg_data/dcl11/syslog/*syslog*.log,302,0,2,300,GA01SUMO-SBD11-00-DCLENG000,telemetered,Available,,NaN
GA01SUMO_D00001_ingest.csv,GA01SUMO,1,Ingest.cg-dcl-eng-dcl_telemetered,/omc_data/whoi/OMC/GA01SUMO/D00001/cg_data/dcl12/syslog/*syslog*.log,312,0,0,312,GA01SUMO-SBD12-00-DCLENG000,telemetered,Available,,NaN
GA01SUMO_D00001_ingest.csv,GA01SUMO,1,Ingest.cg-dcl-eng-dcl_telemetered,/omc_data/whoi/OMC/GA01SUMO/D00001/cg_data/dcl16/syslog/*syslog*.log,295,0,0,295,GA01SUMO-RID16-00-DCLENG000,telemetered,Available,,NaN
GA01SUMO_D00002_ingest.csv,GA01SUMO,2,# Ingest.mopak-o-dcl_telemetered,/omc_data/whoi/OMC/GA01SUMO/D00002/cg_data/dcl11/mopak/*.mopak.log,0,0,0,0,GA01SUMO-SBD11-01-MOPAK0000,telemetered,Missing,No Mopak Data,NaN
GA01SUMO_D00002_ingest.csv,GA01SUMO,2,Ingest.dosta-abcdjm-dcl_telemetered,/omc_data/whoi/OMC/GA01SUMO/D00002/cg_data/dcl11/dosta1/*.dosta1.log,400,0,2,398,GA01SUMO-SBD11-04-DOSTAD000,telemetered,Available,,NaN
GA01SUMO_D00002_ingest.csv,GA01SUMO,2,Ingest.spkir-abj-dcl_telemetered,/omc_data/whoi/OMC/GA01SUMO/D00002/cg_data/dcl11/spkir1/*.spkir1.log,400,0,1,399,GA01SUMO-SBD11-05-SPKIRB000,telemetered,Available,,NaN
GA01SUMO_D00002_ingest.csv,GA01SUMO,2,Ingest.metbk-a-dcl_telemetered,/omc_data/whoi/OMC/GA01SUMO/D00002/cg_data/dcl11/metbk1/*.metbk*.log,400,0,6,394,GA01SUMO-SBD11-06-METBKA000,telemetered,Available,,NaN
GA01SUMO_D00002_ingest.csv,GA01SUMO,2,Ingest.nutnr-b-dcl-full_telemetered,/omc_data/whoi/OMC/GA01SUMO/D00002/cg_data/dcl11/nutnr1/*.nutnr*.log,366,0,16,350,GA01SUMO-SBD11-08-NUTNRB000,telemetered,Available,,NaN
GA01SUMO_D00002_ingest.csv,GA01SUMO,2,Ingest.optaa-dj-dcl_telemetered,/omc_data/whoi/OMC/GA01SUMO/D00002/cg_data/dcl12/optaa1/*.optaa*.log,9053,0,44,9009,GA01SUMO-SBD12-01-OPTAAD000,telemetered,Available,,NaN
GA01SUMO_D00002_ingest.csv,GA01SUMO,2,Ingest.flort-dj-dcl_telemetered,/omc_data/whoi/OMC/GA01SUMO/D00002/cg_data/dcl12/flort1/*.flort*.log,397,0,14,383,GA01SUMO-SBD12-02-FLORTD000,telemetered,Available,,NaN
GA01SUMO_D00002_ingest.csv,GA01SUMO,2,Ingest.pco2a-a-dcl_telemetered,/omc_data/whoi/OMC/GA01SUMO/D00002/cg_data/dcl12/pco2a/*.pco2a.log,396,0,14,382,GA01SUMO-SBD12-04-PCO2AA000,telemetered,Available,,NaN
GA01SUMO_D00002_ingest.csv,GA01SUMO,2,Ingest.wavss-a-dcl-full_telemetered,/omc_data/whoi/OMC/GA01SUMO/D00002/cg_data/dcl12/wavss/*.wavss.log,399,0,3,396,GA01SUMO-SBD12-05-WAVSSA000,telemetered,Available,,NaN
GA01SUMO_D00002_ingest.csv,GA01SUMO,2,Ingest.metbk-a-dcl_telemetered,/omc_data/whoi/OMC/GA01SUMO/D00002/cg_data/dcl12/metbk2/*.metbk*.log,399,0,7,392,GA01SUMO-SBD12-06-METBKA000,telemetered,Available,,NaN
GA01SUMO_D00002_ingest.csv,GA01SUMO,2,Ingest.optaa-dj-dcl_telemetered,/omc_data/whoi/OMC/GA01SUMO/D00002/cg_data/dcl16/optaa2/*.optaa*.log,9813,0,702,9111,GA01SUMO-RID16-01-OPTAAD000,telemetered,Available,,NaN
GA01SUMO_D00002_ingest.csv,GA01SUMO,2,Ingest.flort-dj-dcl_telemetered,/omc_data/whoi/OMC/GA01SUMO/D00002/cg_data/dcl16/flort2/*.flort*.log,390,0,7,383,GA01SUMO-RID16-02-FLORTD000,telemetered,Available,,NaN
GA01SUMO_D00002_ingest.csv,GA01SUMO,2,Ingest.ctdbp-cdef-dcl_telemetered,/omc_data/whoi/OMC/GA01SUMO/D00002/cg_data/dcl16/ctdbp/*.ctdbp.log,390,0,9,381,GA01SUMO-RID16-03-CTDBPF000,telemetered,Available,,NaN
GA01SUMO_D00002_ingest.csv,GA01SUMO,2,Ingest.velpt-ab-dcl_telemetered,/omc_data/whoi/OMC/GA01SUMO/D00002/cg_data/dcl16/velpt/*.velpt.log,390,0,5,385,GA01SUMO-RID16-04-VELPTA000,telemetered,Available,,NaN
GA01SUMO_D00002_ingest.csv,GA01SUMO,2,Ingest.pco2w-abc-dcl_telemetered,/omc_data/whoi/OMC/GA01SUMO/D00002/cg_data/dcl16/pco2w/*.pco2w.log,302,0,13,289,GA01SUMO-RID16-05-PCO2WB000,telemetered,Available,,NaN
GA01SUMO_D00002_ingest.csv,GA01SUMO,2,Ingest.dosta-abcdjm-dcl_telemetered,/omc_data/whoi/OMC/GA01SUMO/D00002/cg_data/dcl16/dosta2/*.dosta2.log,392,0,1,391,GA01SUMO-RID16-06-DOSTAD000,telemetered,Available,,NaN
GA01SUMO_D00002_ingest.csv,GA01SUMO,2,Ingest.nutnr-b-dcl-full_telemetered,/omc_data/whoi/OMC/GA01SUMO/D00002/cg_data/dcl16/nutnr2/*.nutnr2.log,386,0,9,377,GA01SUMO-RID16-07-NUTNRB000,telemetered,Available,,NaN
GA01SUMO_D00002_ingest.csv,GA01SUMO,2,Ingest.spkir-abj-dcl_telemetered,/omc_data/whoi/OMC/GA01SUMO/D00002/cg_data/dcl16/spkir2/*.spkir2.log,392,0,1,391,GA01SUMO-RID16-08-SPKIRB000,telemetered,Available,,NaN
GA01SUMO_D00002_ingest.csv,GA01SUMO,2,Ingest.ctdmo-ghqr-imodem_telemetered,/omc_data/whoi/OMC/GA01SUMO/D00002/cg_data/dcl11/imm/ctdmo01/ctdmo*.DAT,8207,0,8190,17,GA01SUMO-RII11-02-CTDMOQ011,telemetered,Available,,NaN
GA01SUMO_D00002_ingest.csv,GA01SUMO,2,Ingest.ctdmo-ghqr-imodem_telemetered,/omc_data/whoi/OMC/GA01SUMO/D00002/cg_data/dcl11/imm/ctdmo02/ctdmo*.DAT,8189,0,8172,17,GA01SUMO-RII11-02-CTDMOQ012,telemetered,Available,,NaN
GA01SUMO_D00002_ingest.csv,GA01SUMO,2,Ingest.ctdmo-ghqr-imodem_telemetered,/omc_data/whoi/OMC/GA01SUMO/D00002/cg_data/dcl11/imm/ctdmo03/ctdmo*.DAT,8202,0,8185,17,GA01SUMO-RII11-02-CTDMOQ013,telemetered,Available,,NaN
GA01SUMO_D00002_ingest.csv,GA01SUMO,2,Ingest.ctdmo-ghqr-imodem_telemetered,/omc_data/whoi/OMC/GA01SUMO/D00002/cg_data/dcl11/imm/ctdmo04/ctdmo*.DAT,8206,0,8189,17,GA01SUMO-RII11-02-CTDMOQ014,telemetered,Available,,NaN
GA01SUMO_D00002_ingest.csv,GA01SUMO,2,Ingest.ctdmo-ghqr-imodem_telemetered,/omc_data/whoi/OMC/GA01SUMO/D00002/cg_data/dcl11/imm/ctdmo05/ctdmo*.DAT,8204,0,8188,16,GA01SUMO-RII11-02-CTDMOQ015,telemetered,Available,,NaN
GA01SUMO_D00002_ingest.csv,GA01SUMO,2,Ingest.ctdmo-ghqr-imodem_telemetered,/omc_data/whoi/OMC/GA01SUMO/D00002/cg_data/dcl11/imm/ctdmo06/ctdmo*.DAT,8204,0,8187,17,GA01SUMO-RII11-02-CTDMOQ016,telemetered,Available,,NaN
GA01SUMO_D00002_ingest.csv,GA01SUMO,2,Ingest.ctdmo-ghqr-imodem_telemetered,/omc_data/whoi/OMC/GA01SUMO/D00002/cg_data/dcl11/imm/ctdmo07/ctdmo*.DAT,8199,0,8182,17,GA01SUMO-RII11-02-CTDMOQ017,telemetered,Available,,NaN
GA01SUMO_D00002_ingest.csv,GA01SUMO,2,Ingest.ctdmo-ghqr-imodem_telemetered,/omc_data/whoi/OMC/GA01SUMO/D00002/cg_data/dcl11/imm/ctdmo08/ctdmo*.DAT,8196,0,8180,16,GA01SUMO-RII11-02-CTDMOR018,telemetered,Available,,NaN
GA01SUMO_D00002_ingest.csv,GA01SUMO,2,Ingest.ctdmo-ghqr-imodem_telemetered,/omc_data/whoi/OMC/GA01SUMO/D00002/cg_data/dcl11/imm/ctdmo09/ctdmo*.DAT,8192,0,8175,17,GA01SUMO-RII11-02-CTDMOR019,telemetered,Available,,NaN
GA01SUMO_D00002_ingest.csv,GA01SUMO,2,Ingest.ctdmo-ghqr-imodem_telemetered,/omc_data/whoi/OMC/GA01SUMO/D00002/cg_data/dcl11/imm/ctdmo10/ctdmo*.DAT,8190,0,8173,17,GA01SUMO-RII11-02-CTDMOR020,telemetered,Available,,NaN
GA01SUMO_D00002_ingest.csv,GA01SUMO,2,Ingest.dosta-abcdjm-ctdbp-p-dcl_telemetered,/omc_data/whoi/OMC/GA01SUMO/D00002/cg_data/dcl11/imm/ctdbp01/ctdbp01*.DAT,4757,0,4755,2,GA01SUMO-RII11-02-DOSTAD031,telemetered,Available,,NaN
GA01SUMO_D00002_ingest.csv,GA01SUMO,2,Ingest.dosta-abcdjm-ctdbp-p-dcl_telemetered,/omc_data/whoi/OMC/GA01SUMO/D00002/cg_data/dcl11/imm/ctdbp02/ctdbp02*.DAT,4912,0,4908,4,GA01SUMO-RII11-02-DOSTAD032,telemetered,Available,,NaN
GA01SUMO_D00002_ingest.csv,GA01SUMO,2,Ingest.dosta-abcdjm-ctdbp-p-dcl_telemetered,/omc_data/whoi/OMC/GA01SUMO/D00002/cg_data/dcl11/imm/ctdbp03/ctdbp03*.DAT,3429,0,3427,2,GA01SUMO-RII11-02-DOSTAD033,telemetered,Available,,NaN
GA01SUMO_D00002_ingest.csv,GA01SUMO,2,Ingest.phsen-abcdef-imodem_telemetered,/omc_data/whoi/OMC/GA01SUMO/D00002/cg_data/dcl11/imm/phsen1/phsen*.DAT,175,0,165,10,GA01SUMO-RII11-02-PHSENE041,telemetered,Available,,NaN
GA01SUMO_D00002_ingest.csv,GA01SUMO,2,Ingest.phsen-abcdef-imodem_telemetered,/omc_data/whoi/OMC/GA01SUMO/D00002/cg_data/dcl11/imm/phsen2/phsen*.DAT,1286,0,1276,10,GA01SUMO-RII11-02-PHSENE042,telemetered,Available,,NaN
GA01SUMO_D00002_ingest.csv,GA01SUMO,2,Ingest.hyd-o-dcl_telemetered,/omc_data/whoi/OMC/GA01SUMO/D00002/cg_data/dcl11/hyd*/*hyd*.log,400,0,2,398,GA01SUMO-SBD11-03-HYDGN0000,telemetered,Available,,NaN
GA01SUMO_D00002_ingest.csv,GA01SUMO,2,Ingest.hyd-o-dcl_telemetered,/omc_data/whoi/OMC/GA01SUMO/D00002/cg_data/dcl12/hyd*/*hyd*.log,399,0,3,396,GA01SUMO-SBD12-03-HYDGN0000,telemetered,Available,,NaN
GA01SUMO_D00002_ingest.csv,GA01SUMO,2,Ingest.ctdbp-p-dcl_telemetered,/omc_data/whoi/OMC/GA01SUMO/D00002/cg_data/dcl11/imm/ctdbp01/ctdbp01*.DAT,4757,0,4755,2,GA01SUMO-RII11-02-CTDBPP031,telemetered,Available,,NaN
GA01SUMO_D00002_ingest.csv,GA01SUMO,2,Ingest.flord-g-ctdbp-p-dcl_telemetered,/omc_data/whoi/OMC/GA01SUMO/D00002/cg_data/dcl11/imm/ctdbp01/ctdbp01*.DAT,4757,0,4755,2,GA01SUMO-RII11-02-FLORDG031,telemetered,Available,,NaN
GA01SUMO_D00002_ingest.csv,GA01SUMO,2,Ingest.pco2w-abc-imodem_telemetered,/omc_data/whoi/OMC/GA01SUMO/D00002/cg_data/dcl11/imm/pco2w1/pco2w*.DAT,8080,0,8067,13,GA01SUMO-RII11-02-PCO2WC051,telemetered,Available,,NaN
GA01SUMO_D00002_ingest.csv,GA01SUMO,2,Ingest.ctdbp-p-dcl_telemetered,/omc_data/whoi/OMC/GA01SUMO/D00002/cg_data/dcl11/imm/ctdbp02/ctdbp02*.DAT,4912,0,4908,4,GA01SUMO-RII11-02-CTDBPP032,telemetered,Available,,NaN
GA01SUMO_D00002_ingest.csv,GA01SUMO,2,Ingest.flord-g-ctdbp-p-dcl_telemetered,/omc_data/whoi/OMC/GA01SUMO/D00002/cg_data/dcl11/imm/ctdbp02/ctdbp02*.DAT,4912,0,4908,4,GA01SUMO-RII11-02-FLORDG032,telemetered,Available,,NaN
GA01SUMO_D00002_ingest.csv,GA01SUMO,2,Ingest.pco2w-abc-imodem_telemetered,/omc_data/whoi/OMC/GA01SUMO/D00002/cg_data/dcl11/imm/pco2w2/pco2w*.DAT,2392,0,2392,0,GA01SUMO-RII11-02-PCO2WC052,telemetered,Available,,NaN
GA01SUMO_D00002_ingest.csv,GA01SUMO,2,Ingest.ctdbp-p-dcl_telemetered,/omc_data/whoi/OMC/GA01SUMO/D00002/cg_data/dcl11/imm/ctdbp03/ctdbp03*.DAT,3429,0,3427,2,GA01SUMO-RII11-02-CTDBPP033,telemetered,Available,,NaN
GA01SUMO_D00002_ingest.csv,GA01SUMO,2,Ingest.flord-g-ctdbp-p-dcl_telemetered,/omc_data/whoi/OMC/GA01SUMO/D00002/cg_data/dcl11/imm/ctdbp03/ctdbp03*.DAT,3429,0,3427,2,GA01SUMO-RII11-02-FLORDG033,telemetered,Available,,NaN
GA01SUMO_D00002_ingest.csv,GA01SUMO,2,#Ingest.pco2w-abc-imodem_telemetered,/omc_data/whoi/OMC/GA01SUMO/D00002/cg_data/dcl11/imm/pco2w3/pco2w*.DAT,0,0,0,0,GA01SUMO-RII11-02-PCO2WC053,telemetered,Missing,Not deployed,NaN
GA01SUMO_D00002_ingest.csv,GA01SUMO,2,Ingest.adcps-jln-stc_telemetered,/omc_data/whoi/OMC/GA01SUMO/D00002/cg_data/dcl11/imm/adcp/adcp*.DAT,8167,0,8122,45,GA01SUMO-RII11-02-ADCPSN010,telemetered,Available,,NaN
GA01SUMO_D00002_ingest.csv,GA01SUMO,2,Ingest.cg-cpm-eng-cpm_telemetered,/omc_data/whoi/OMC/GA01SUMO/D00002/irid2shore/cpm_status*.txt,2327,0,0,2327,GA01SUMO-SBC11-00-CPMENG000,telemetered,Available,,NaN
GA01SUMO_D00002_ingest.csv,GA01SUMO,2,Ingest.cg-dcl-eng-dcl_telemetered,/omc_data/whoi/OMC/GA01SUMO/D00002/cg_data/dcl11/syslog/*syslog.log,400,0,0,400,GA01SUMO-SBD11-00-DCLENG000,telemetered,Available,,NaN
GA01SUMO_D00002_ingest.csv,GA01SUMO,2,Ingest.cg-dcl-eng-dcl_telemetered,/omc_data/whoi/OMC/GA01SUMO/D00002/cg_data/dcl12/syslog/*syslog.log,399,0,0,399,GA01SUMO-SBD12-00-DCLENG000,telemetered,Available,,NaN
GA01SUMO_D00002_ingest.csv,GA01SUMO,2,Ingest.cg-dcl-eng-dcl_telemetered,/omc_data/whoi/OMC/GA01SUMO/D00002/cg_data/dcl16/syslog/*syslog.log,392,0,0,392,GA01SUMO-RID16-00-DCLENG000,telemetered,Available,,NaN
GA01SUMO_D00003_ingest.csv,GA01SUMO,3,Ingest.mopak-o-dcl_telemetered,/omc_data/whoi/OMC/GA01SUMO/D00003/cg_data/dcl11/mopak/*.mopak.log,7199,9,31,7168,GA01SUMO-SBD11-01-MOPAK0000,telemetered,Available,,NaN
GA01SUMO_D00003_ingest.csv,GA01SUMO,3,Ingest.dosta-abcdjm-dcl_telemetered,/omc_data/whoi/OMC/GA01SUMO/D00003/cg_data/dcl11/dosta1/*.dosta1.log,312,1,3,309,GA01SUMO-SBD11-04-DOSTAD000,telemetered,Available,,NaN
GA01SUMO_D00003_ingest.csv,GA01SUMO,3,Ingest.spkir-abj-dcl_telemetered,/omc_data/whoi/OMC/GA01SUMO/D00003/cg_data/dcl11/spkir1/*.spkir1.log,312,1,1,311,GA01SUMO-SBD11-05-SPKIRB000,telemetered,Available,,NaN
GA01SUMO_D00003_ingest.csv,GA01SUMO,3,Ingest.metbk-a-dcl_telemetered,/omc_data/whoi/OMC/GA01SUMO/D00003/cg_data/dcl11/metbk1/*.metbk*.log,311,1,3,308,GA01SUMO-SBD11-06-METBKA000,telemetered,Available,,NaN
GA01SUMO_D00003_ingest.csv,GA01SUMO,3,Ingest.nutnr-b-dcl-full_telemetered,/omc_data/whoi/OMC/GA01SUMO/D00003/cg_data/dcl11/nutnr1/*.nutnr*.log,308,1,13,295,GA01SUMO-SBD11-08-NUTNRB000,telemetered,Available,,NaN
GA01SUMO_D00003_ingest.csv,GA01SUMO,3,Ingest.optaa-dj-dcl_telemetered,/omc_data/whoi/OMC/GA01SUMO/D00003/cg_data/dcl12/optaa1/*.optaa*.log,7093,9,38,7055,GA01SUMO-SBD12-01-OPTAAD000,telemetered,Available,,NaN
GA01SUMO_D00003_ingest.csv,GA01SUMO,3,Ingest.flort-dj-dcl_telemetered,/omc_data/whoi/OMC/GA01SUMO/D00003/cg_data/dcl12/flort1/*.flort*.log,310,1,10,300,GA01SUMO-SBD12-02-FLORTD000,telemetered,Available,,NaN
GA01SUMO_D00003_ingest.csv,GA01SUMO,3,Ingest.pco2a-a-dcl_telemetered,/omc_data/whoi/OMC/GA01SUMO/D00003/cg_data/dcl12/pco2a/*.pco2a.log,311,1,8,303,GA01SUMO-SBD12-04-PCO2AA000,telemetered,Available,,NaN
GA01SUMO_D00003_ingest.csv,GA01SUMO,3,Ingest.wavss-a-dcl-full_telemetered,/omc_data/whoi/OMC/GA01SUMO/D00003/cg_data/dcl12/wavss/*.wavss.log,311,1,2,309,GA01SUMO-SBD12-05-WAVSSA000,telemetered,Available,Unable to parse files,NaN
GA01SUMO_D00003_ingest.csv,GA01SUMO,3,Ingest.metbk-a-dcl_telemetered,/omc_data/whoi/OMC/GA01SUMO/D00003/cg_data/dcl12/metbk2/*.metbk*.log,311,1,6,305,GA01SUMO-SBD12-06-METBKA000,telemetered,Available,,NaN
GA01SUMO_D00003_ingest.csv,GA01SUMO,3,Ingest.optaa-dj-dcl_telemetered,/omc_data/whoi/OMC/GA01SUMO/D00003/cg_data/dcl16/optaa2/*.optaa*.log,7075,9,18,7057,GA01SUMO-RID16-01-OPTAAD000,telemetered,Available,,NaN
GA01SUMO_D00003_ingest.csv,GA01SUMO,3,Ingest.flort-dj-dcl_telemetered,/omc_data/whoi/OMC/GA01SUMO/D00003/cg_data/dcl16/flort2/*.flort*.log,277,0,4,273,GA01SUMO-RID16-02-FLORTD000,telemetered,Available,,NaN
GA01SUMO_D00003_ingest.csv,GA01SUMO,3,Ingest.ctdbp-cdef-dcl_telemetered,/omc_data/whoi/OMC/GA01SUMO/D00003/cg_data/dcl16/ctdbp/*.ctdbp.log,197,0,10,187,GA01SUMO-RID16-03-CTDBPF000,telemetered,Available,,NaN
GA01SUMO_D00003_ingest.csv,GA01SUMO,3,Ingest.velpt-ab-dcl_telemetered,/omc_data/whoi/OMC/GA01SUMO/D00003/cg_data/dcl16/velpt/*.velpt.log,185,0,11,174,GA01SUMO-RID16-04-VELPTA000,telemetered,Available,,NaN
GA01SUMO_D00003_ingest.csv,GA01SUMO,3,Ingest.pco2w-abc-dcl_telemetered,/omc_data/whoi/OMC/GA01SUMO/D00003/cg_data/dcl16/pco2w/*.pco2w.log,294,1,14,280,GA01SUMO-RID16-05-PCO2WB000,telemetered,Available,,NaN
GA01SUMO_D00003_ingest.csv,GA01SUMO,3,Ingest.dosta-abcdjm-dcl_telemetered,/omc_data/whoi/OMC/GA01SUMO/D00003/cg_data/dcl16/dosta2/*.dosta2.log,305,1,4,301,GA01SUMO-RID16-06-DOSTAD000,telemetered,Available,,NaN
GA01SUMO_D00003_ingest.csv,GA01SUMO,3,Ingest.nutnr-b-dcl-full_telemetered,/omc_data/whoi/OMC/GA01SUMO/D00003/cg_data/dcl16/nutnr2/*.nutnr2.log,301,0,7,294,GA01SUMO-RID16-07-NUTNRB000,telemetered,Available,,NaN
GA01SUMO_D00003_ingest.csv,GA01SUMO,3,Ingest.spkir-abj-dcl_telemetered,/omc_data/whoi/OMC/GA01SUMO/D00003/cg_data/dcl16/spkir2/*.spkir2.log,305,1,4,301,GA01SUMO-RID16-08-SPKIRB000,telemetered,Available,,NaN
GA01SUMO_D00003_ingest.csv,GA01SUMO,3,Ingest.ctdmo-ghqr-imodem_telemetered,/omc_data/whoi/OMC/GA01SUMO/D00003/cg_data/dcl11/imm/ctdmo01/ctdmo*.DAT,6909,9,6900,9,GA01SUMO-RII11-02-CTDMOQ011,telemetered,Available,,NaN
GA01SUMO_D00003_ingest.csv,GA01SUMO,3,Ingest.ctdmo-ghqr-imodem_telemetered,/omc_data/whoi/OMC/GA01SUMO/D00003/cg_data/dcl11/imm/ctdmo02/ctdmo*.DAT,6903,9,6893,10,GA01SUMO-RII11-02-CTDMOQ012,telemetered,Available,,NaN
GA01SUMO_D00003_ingest.csv,GA01SUMO,3,Ingest.ctdmo-ghqr-imodem_telemetered,/omc_data/whoi/OMC/GA01SUMO/D00003/cg_data/dcl11/imm/ctdmo03/ctdmo*.DAT,6906,8,6898,8,GA01SUMO-RII11-02-CTDMOQ013,telemetered,Available,,NaN
GA01SUMO_D00003_ingest.csv,GA01SUMO,3,Ingest.ctdmo-ghqr-imodem_telemetered,/omc_data/whoi/OMC/GA01SUMO/D00003/cg_data/dcl11/imm/ctdmo04/ctdmo*.DAT,6905,8,6897,8,GA01SUMO-RII11-02-CTDMOQ014,telemetered,Available,,NaN
GA01SUMO_D00003_ingest.csv,GA01SUMO,3,Ingest.ctdmo-ghqr-imodem_telemetered,/omc_data/whoi/OMC/GA01SUMO/D00003/cg_data/dcl11/imm/ctdmo05/ctdmo*.DAT,6902,8,6890,12,GA01SUMO-RII11-02-CTDMOQ015,telemetered,Available,,NaN
GA01SUMO_D00003_ingest.csv,GA01SUMO,3,Ingest.ctdmo-ghqr-imodem_telemetered,/omc_data/whoi/OMC/GA01SUMO/D00003/cg_data/dcl11/imm/ctdmo06/ctdmo*.DAT,6894,8,6886,8,GA01SUMO-RII11-02-CTDMOQ016,telemetered,Available,,NaN
GA01SUMO_D00003_ingest.csv,GA01SUMO,3,Ingest.ctdmo-ghqr-imodem_telemetered,/omc_data/whoi/OMC/GA01SUMO/D00003/cg_data/dcl11/imm/ctdmo07/ctdmo*.DAT,6902,8,6891,11,GA01SUMO-RII11-02-CTDMOQ017,telemetered,Available,,NaN
GA01SUMO_D00003_ingest.csv,GA01SUMO,3,Ingest.ctdmo-ghqr-imodem_telemetered,/omc_data/whoi/OMC/GA01SUMO/D00003/cg_data/dcl11/imm/ctdmo08/ctdmo*.DAT,6897,8,6886,11,GA01SUMO-RII11-02-CTDMOR018,telemetered,Available,,NaN
GA01SUMO_D00003_ingest.csv,GA01SUMO,3,Ingest.ctdmo-ghqr-imodem_telemetered,/omc_data/whoi/OMC/GA01SUMO/D00003/cg_data/dcl11/imm/ctdmo09/ctdmo*.DAT,6893,8,6885,8,GA01SUMO-RII11-02-CTDMOR019,telemetered,Available,,NaN
GA01SUMO_D00003_ingest.csv,GA01SUMO,3,Ingest.ctdmo-ghqr-imodem_telemetered,/omc_data/whoi/OMC/GA01SUMO/D00003/cg_data/dcl11/imm/ctdmo10/ctdmo*.DAT,6889,8,6881,8,GA01SUMO-RII11-02-CTDMOR020,telemetered,Available,,NaN
GA01SUMO_D00003_ingest.csv,GA01SUMO,3,Ingest.dosta-abcdjm-ctdbp-p-dcl_telemetered,/omc_data/whoi/OMC/GA01SUMO/D00003/cg_data/dcl11/imm/ctdbp01/ctdbp01*.DAT,6513,1,6502,11,GA01SUMO-RII11-02-DOSTAD031,telemetered,Available,,NaN
GA01SUMO_D00003_ingest.csv,GA01SUMO,3,Ingest.dosta-abcdjm-ctdbp-p-dcl_telemetered,/omc_data/whoi/OMC/GA01SUMO/D00003/cg_data/dcl11/imm/ctdbp02/ctdbp02*.DAT,6771,8,6770,1,GA01SUMO-RII11-02-DOSTAD032,telemetered,Available,,NaN
GA01SUMO_D00003_ingest.csv,GA01SUMO,3,Ingest.dosta-abcdjm-ctdbp-p-dcl_telemetered,/omc_data/whoi/OMC/GA01SUMO/D00003/cg_data/dcl11/imm/ctdbp03/ctdbp03*.DAT,5684,2,5653,31,GA01SUMO-RII11-02-DOSTAD033,telemetered,Available,,NaN
GA01SUMO_D00003_ingest.csv,GA01SUMO,3,Ingest.phsen-abcdef-imodem_telemetered,/omc_data/whoi/OMC/GA01SUMO/D00003/cg_data/dcl11/imm/phsen1/phsen*.DAT,6906,9,6884,22,GA01SUMO-RII11-02-PHSENE041,telemetered,Available,,NaN
GA01SUMO_D00003_ingest.csv,GA01SUMO,3,Ingest.phsen-abcdef-imodem_telemetered,/omc_data/whoi/OMC/GA01SUMO/D00003/cg_data/dcl11/imm/phsen2/phsen*.DAT,6893,9,6782,111,GA01SUMO-RII11-02-PHSENE042,telemetered,Available,,NaN
GA01SUMO_D00003_ingest.csv,GA01SUMO,3,Ingest.hyd-o-dcl_telemetered,/omc_data/whoi/OMC/GA01SUMO/D00003/cg_data/dcl11/hyd1/*hyd1.log,312,1,4,308,GA01SUMO-SBD11-03-HYDGN0000,telemetered,Available,,NaN
GA01SUMO_D00003_ingest.csv,GA01SUMO,3,Ingest.hyd-o-dcl_telemetered,/omc_data/whoi/OMC/GA01SUMO/D00003/cg_data/dcl12/hyd2/*hyd2.log,311,1,5,306,GA01SUMO-SBD12-03-HYDGN0000,telemetered,Available,,NaN
GA01SUMO_D00003_ingest.csv,GA01SUMO,3,Ingest.ctdbp-p-dcl_telemetered,/omc_data/whoi/OMC/GA01SUMO/D00003/cg_data/dcl11/imm/ctdbp01/ctdbp01*.DAT,6513,1,6502,11,GA01SUMO-RII11-02-CTDBPP031,telemetered,Available,,NaN
GA01SUMO_D00003_ingest.csv,GA01SUMO,3,Ingest.flord-g-ctdbp-p-dcl_telemetered,/omc_data/whoi/OMC/GA01SUMO/D00003/cg_data/dcl11/imm/ctdbp01/ctdbp01*.DAT,6513,1,6502,11,GA01SUMO-RII11-02-FLORDG031,telemetered,Available,,NaN
GA01SUMO_D00003_ingest.csv,GA01SUMO,3,Ingest.pco2w-abc-imodem_telemetered,/omc_data/whoi/OMC/GA01SUMO/D00003/cg_data/dcl11/imm/pco2w1/pco2w*.DAT,6498,9,6492,6,GA01SUMO-RII11-02-PCO2WC051,telemetered,Available,,NaN
GA01SUMO_D00003_ingest.csv,GA01SUMO,3,Ingest.ctdbp-p-dcl_telemetered,/omc_data/whoi/OMC/GA01SUMO/D00003/cg_data/dcl11/imm/ctdbp02/ctdbp02*.DAT,6771,8,6770,1,GA01SUMO-RII11-02-CTDBPP032,telemetered,Available,,NaN
GA01SUMO_D00003_ingest.csv,GA01SUMO,3,Ingest.flord-g-ctdbp-p-dcl_telemetered,/omc_data/whoi/OMC/GA01SUMO/D00003/cg_data/dcl11/imm/ctdbp02/ctdbp02*.DAT,6771,8,6770,1,GA01SUMO-RII11-02-FLORDG032,telemetered,Available,,NaN
GA01SUMO_D00003_ingest.csv,GA01SUMO,3,Ingest.pco2w-abc-imodem_telemetered,/omc_data/whoi/OMC/GA01SUMO/D00003/cg_data/dcl11/imm/pco2w2/pco2w*.DAT,6383,0,6377,6,GA01SUMO-RII11-02-PCO2WC052,telemetered,Available,,NaN
GA01SUMO_D00003_ingest.csv,GA01SUMO,3,Ingest.ctdbp-p-dcl_telemetered,/omc_data/whoi/OMC/GA01SUMO/D00003/cg_data/dcl11/imm/ctdbp03/ctdbp03*.DAT,5684,2,5653,31,GA01SUMO-RII11-02-CTDBPP033,telemetered,Available,,NaN
GA01SUMO_D00003_ingest.csv,GA01SUMO,3,Ingest.flord-g-ctdbp-p-dcl_telemetered,/omc_data/whoi/OMC/GA01SUMO/D00003/cg_data/dcl11/imm/ctdbp03/ctdbp03*.DAT,5684,2,5653,31,GA01SUMO-RII11-02-FLORDG033,telemetered,Available,,NaN
GA01SUMO_D00003_ingest.csv,GA01SUMO,3,Ingest.pco2w-abc-imodem_telemetered,/omc_data/whoi/OMC/GA01SUMO/D00003/cg_data/dcl11/imm/pco2w3/pco2w*.DAT,3025,0,3015,10,GA01SUMO-RII11-02-PCO2WC053,telemetered,Available,,NaN
GA01SUMO_D00003_ingest.csv,GA01SUMO,3,Ingest.adcps-jln-stc_telemetered,/omc_data/whoi/OMC/GA01SUMO/D00003/cg_data/dcl11/imm/adcp/adcp*.DAT,6731,9,6725,6,GA01SUMO-RII11-02-ADCPSN010,telemetered,Available,,NaN
GA01SUMO_D00003_ingest.csv,GA01SUMO,3,Ingest.cg-cpm-eng-cpm_telemetered,/omc_data/whoi/OMC/GA01SUMO/D00003/irid2shore/cpm_status*.txt,1807,4,0,1807,GA01SUMO-SBC11-00-CPMENG000,telemetered,Available,,NaN
GA01SUMO_D00003_ingest.csv,GA01SUMO,3,Ingest.cg-dcl-eng-dcl_telemetered,/omc_data/whoi/OMC/GA01SUMO/D00003/cg_data/dcl11/syslog/*syslog.log,312,1,0,312,GA01SUMO-SBD11-00-DCLENG000,telemetered,Available,,NaN
GA01SUMO_D00003_ingest.csv,GA01SUMO,3,Ingest.cg-dcl-eng-dcl_telemetered,/omc_data/whoi/OMC/GA01SUMO/D00003/cg_data/dcl12/syslog/*syslog.log,311,1,0,311,GA01SUMO-SBD12-00-DCLENG000,telemetered,Available,,NaN
GA01SUMO_D00003_ingest.csv,GA01SUMO,3,Ingest.cg-dcl-eng-dcl_telemetered,/omc_data/whoi/OMC/GA01SUMO/D00003/cg_data/dcl16/syslog/*syslog.log,305,1,0,305,GA01SUMO-RID16-00-DCLENG000,telemetered,Available,,NaN
GA01SUMO_R00001_ingest.csv,GA01SUMO,1,Ingest.mopak-o-dcl_recovered,/omc_data/whoi/OMC/GA01SUMO/R00001/cg_data/dcl11/MOPAK*/*.mopak.log,6112,0,21,6091,GA01SUMO-SBD11-01-MOPAK0000,recovered_host,Available,,NaN
GA01SUMO_R00001_ingest.csv,GA01SUMO,1,Ingest.metbk-a-dcl_recovered,/omc_data/whoi/OMC/GA01SUMO/R00001/cg_data/dcl11/METBK-Log*/*.metbk*.log,66,0,15,51,GA01SUMO-SBD11-06-METBKA000,recovered_host,Available,,NaN
GA01SUMO_R00001_ingest.csv,GA01SUMO,1,Ingest.dosta-abcdjm-dcl_recovered,/omc_data/whoi/OMC/GA01SUMO/R00001/cg_data/dcl11/DOSTA_*/*.dosta1.log,114,0,7,107,GA01SUMO-SBD11-04-DOSTAD000,recovered_host,Available,,NaN
GA01SUMO_R00001_ingest.csv,GA01SUMO,1,Ingest.spkir-abj-dcl_recovered,/omc_data/whoi/OMC/GA01SUMO/R00001/cg_data/dcl11/SPKIR_*/*.spkir1.log,264,0,1,263,GA01SUMO-SBD11-05-SPKIRB000,recovered_host,Available,,NaN
GA01SUMO_R00001_ingest.csv,GA01SUMO,1,Ingest.nutnr-b_recovered,/omc_data/whoi/OMC/GA01SUMO/R00001/cg_data/dcl11/NUTNR*/*.DAT,137,0,0,137,GA01SUMO-SBD11-08-NUTNRB000,recovered_inst,Available,,NaN
GA01SUMO_R00001_ingest.csv,GA01SUMO,1,Ingest.nutnr-b-dcl-full_recovered,/omc_data/whoi/OMC/GA01SUMO/R00001/cg_data/dcl11/NUTNR*/*.log,217,0,19,198,GA01SUMO-SBD11-08-NUTNRB000,recovered_host,Available,,NaN
GA01SUMO_R00001_ingest.csv,GA01SUMO,1,#Ingest.hyd-o-dcl_recovered,/omc_data/whoi/OMC/GA01SUMO/R00001/cg_data/dcl11/hyd*/*hyd*.log,0,0,0,0,GA01SUMO-SBD11-03-HYDGN0000,recovered_host,Missing,Data not available,NaN
GA01SUMO_R00001_ingest.csv,GA01SUMO,1,Ingest.metbk-a-dcl_recovered,/omc_data/whoi/OMC/GA01SUMO/R00001/cg_data/dcl12/METBK-Log*/*.metbk*.log,265,0,0,265,GA01SUMO-SBD12-06-METBKA000,recovered_host,Available,,NaN
GA01SUMO_R00001_ingest.csv,GA01SUMO,1,Ingest.pco2a-a-dcl_recovered,/omc_data/whoi/OMC/GA01SUMO/R00001/cg_data/dcl12/PCO2A*/*.pco2a.log,31,0,1,30,GA01SUMO-SBD12-04-PCO2AA000,recovered_host,Available,,NaN
GA01SUMO_R00001_ingest.csv,GA01SUMO,1,Ingest.wavss-a-dcl-full_recovered,/omc_data/whoi/OMC/GA01SUMO/R00001/cg_data/dcl12/WAVSS*/*.wavss.log,264,0,0,264,GA01SUMO-SBD12-05-WAVSSA000,recovered_host,Available,,NaN
GA01SUMO_R00001_ingest.csv,GA01SUMO,1,Ingest.optaa-dj-dcl_recovered,/omc_data/whoi/OMC/GA01SUMO/R00001/cg_data/dcl12/OPTAA*/*.optaa*.log,479,0,16,463,GA01SUMO-SBD12-01-OPTAAD000,recovered_host,Available,,NaN
GA01SUMO_R00001_ingest.csv,GA01SUMO,1,Ingest.flort-dj-dcl_recovered,/omc_data/whoi/OMC/GA01SUMO/R00001/cg_data/dcl12/FLORT*/*.flort*.log,24,0,10,14,GA01SUMO-SBD12-02-FLORTD000,recovered_host,Available,,NaN
GA01SUMO_R00001_ingest.csv,GA01SUMO,1,#Ingest.hyd-o-dcl_recovered,/omc_data/whoi/OMC/GA01SUMO/R00001/cg_data/dcl12/hyd*/*hyd*.log,0,0,0,0,GA01SUMO-SBD12-03-HYDGN0000,recovered_host,Missing,Data not available,NaN
GA01SUMO_R00001_ingest.csv,GA01SUMO,1,Ingest.optaa-dj-dcl_recovered,/omc_data/whoi/OMC/GA01SUMO/R00001/cg_data/dcl16/OPTAA*/*.optaa*.log,6242,0,7,6235,GA01SUMO-RID16-01-OPTAAD000,recovered_host,Available,,NaN
GA01SUMO_R00001_ingest.csv,GA01SUMO,1,Ingest.flort-dj-dcl_recovered,/omc_data/whoi/OMC/GA01SUMO/R00001/cg_data/dcl16/FLORT*/*.flort2.log,265,0,0,265,GA01SUMO-RID16-02-FLORTD000,recovered_host,Available,,NaN
GA01SUMO_R00001_ingest.csv,GA01SUMO,1,Ingest.ctdbp-cdef-dcl_recovered,/omc_data/whoi/OMC/GA01SUMO/R00001/cg_data/dcl16/CTDBP*/*ctdbp.log,265,0,2,263,GA01SUMO-RID16-03-CTDBPF000,recovered_host,Available,,NaN
GA01SUMO_R00001_ingest.csv,GA01SUMO,1,Ingest.ctdbp-cdef_recovered,/omc_data/whoi/OMC/GA01SUMO/R00001/cg_data/dcl16/CTDBP*/*.hex,1,0,0,1,GA01SUMO-RID16-03-CTDBPF000,recovered_inst,Available,,NaN
GA01SUMO_R00001_ingest.csv,GA01SUMO,1,Ingest.velpt-ab-dcl_recovered,/omc_data/whoi/OMC/GA01SUMO/R00001/cg_data/dcl16/VELPT*/*.velpt*.log,8,0,8,0,GA01SUMO-RID16-04-VELPTA000,recovered_host,Available,,NaN
GA01SUMO_R00001_ingest.csv,GA01SUMO,1,#Ingest.velpt-ab_recovered,,file_mask is empty,file_mask is empty,file_mask is empty,file_mask is empty,GA01SUMO-RID16-04-VELPTA000,recovered_inst,,Data not available. Unable to communicate with instrument,NaN
GA01SUMO_R00001_ingest.csv,GA01SUMO,1,Ingest.pco2w-abc-dcl_recovered,/omc_data/whoi/OMC/GA01SUMO/R00001/cg_data/dcl16/PCO2W_snC0050/*.pco2w.log,262,0,5,257,GA01SUMO-RID16-05-PCO2WB000,recovered_host,Available,,NaN
GA01SUMO_R00001_ingest.csv,GA01SUMO,1,Ingest.pco2w-abc_recovered,/omc_data/whoi/OMC/GA01SUMO/R00001/cg_data/dcl16/PCO2W_snC0050/*.txt,1,0,0,1,GA01SUMO-RID16-05-PCO2WB000,recovered_inst,Available,,NaN
GA01SUMO_R00001_ingest.csv,GA01SUMO,1,Ingest.dosta-abcdjm-dcl_recovered,/omc_data/whoi/OMC/GA01SUMO/R00001/cg_data/dcl16/DOSTA_sn*/*.dosta2.log,265,0,0,265,GA01SUMO-RID16-06-DOSTAD000,recovered_host,Available,,NaN
GA01SUMO_R00001_ingest.csv,GA01SUMO,1,Ingest.nutnr-b_recovered,/omc_data/whoi/OMC/GA01SUMO/R00001/cg_data/dcl16/NUTNR*/*.DAT,325,0,0,325,GA01SUMO-RID16-07-NUTNRB000,recovered_inst,Available,,NaN
GA01SUMO_R00001_ingest.csv,GA01SUMO,1,Ingest.nutnr-b-dcl-full_recovered,/omc_data/whoi/OMC/GA01SUMO/R00001/cg_data/dcl16/NUTNR*/*.log,265,0,1,264,GA01SUMO-RID16-07-NUTNRB000,recovered_host,Available,,NaN
GA01SUMO_R00001_ingest.csv,GA01SUMO,1,Ingest.spkir-abj-dcl_recovered,/omc_data/whoi/OMC/GA01SUMO/R00001/cg_data/dcl16/SPKIR*/*.spkir2.log,265,0,1,264,GA01SUMO-RID16-08-SPKIRB000,recovered_host,Available,,NaN
GA01SUMO_R00001_ingest.csv,GA01SUMO,1,#Ingest.adcps-jln-stc_recovered,/omc_data/whoi/OMC/GA01SUMO/R00001/cg_data/dcl16/ADCP_sn21639/adcp*.DAT,5756,0,5749,7,GA01SUMO-RII11-02-ADCPSN010,recovered_host,Available,Files not formatted properly,NaN
GA01SUMO_R00001_ingest.csv,GA01SUMO,1,Ingest.adcps-jln_recovered,/omc_data/whoi/OMC/GA01SUMO/R00001/cg_data/dcl16/ADCP_sn21639/*.000,11,0,0,11,GA01SUMO-RII11-02-ADCPSN010,recovered_inst,Available,,NaN
GA01SUMO_R00001_ingest.csv,GA01SUMO,1,Ingest.phsen-abcdef-imodem_recovered,/omc_data/whoi/OMC/GA01SUMO/R00001/cg_data/dcl16/PHSEN_snP0070/*.DAT,3459,0,3451,8,GA01SUMO-RII11-02-PHSENE041,recovered_host,Available,,NaN
GA01SUMO_R00001_ingest.csv,GA01SUMO,1,#Ingest.phsen-abcdef_recovered,/omc_data/whoi/OMC/GA01SUMO/R00001/cg_data/dcl16/PHSEN_snP0070/*.txt,0,0,0,0,GA01SUMO-RII11-02-PHSENE041,recovered_inst,Missing,Data not available. Unable to communicate with instrument,NaN
GA01SUMO_R00001_ingest.csv,GA01SUMO,1,#,,file_mask is empty,file_mask is empty,file_mask is empty,file_mask is empty,GA01SUMO-RII11-02-CTDBPP031,recovered_inst,,Not installed,NaN
GA01SUMO_R00001_ingest.csv,GA01SUMO,1,#,,file_mask is empty,file_mask is empty,file_mask is empty,file_mask is empty,GA01SUMO-RII11-02-CTDBPP031,recovered_host,,Not installed,NaN
GA01SUMO_R00001_ingest.csv,GA01SUMO,1,#,,file_mask is empty,file_mask is empty,file_mask is empty,file_mask is empty,GA01SUMO-RII11-02-DOSTAD031,recovered_host,,Not installed,NaN
GA01SUMO_R00001_ingest.csv,GA01SUMO,1,#,,file_mask is empty,file_mask is empty,file_mask is empty,file_mask is empty,GA01SUMO-RII11-02-FLORDG031,recovered_host,,Not installed,NaN
GA01SUMO_R00001_ingest.csv,GA01SUMO,1,Ingest.pco2w-abc-imodem_recovered,/omc_data/whoi/OMC/GA01SUMO/R00001/cg_data/dcl16/PCO2W_snC0106/*.DAT,3383,0,3382,1,GA01SUMO-RII11-02-PCO2WC051,recovered_host,Available,,NaN
GA01SUMO_R00001_ingest.csv,GA01SUMO,1,Ingest.pco2w-abc_recovered,/omc_data/whoi/OMC/GA01SUMO/R00001/cg_data/dcl16/PCO2W_snC0106/*.txt,1,0,0,1,GA01SUMO-RII11-02-PCO2WC051,recovered_inst,Available,,NaN
GA01SUMO_R00001_ingest.csv,GA01SUMO,1,#,,file_mask is empty,file_mask is empty,file_mask is empty,file_mask is empty,GA01SUMO-RII11-02-CTDBPP032,recovered_inst,,Not installed,NaN
GA01SUMO_R00001_ingest.csv,GA01SUMO,1,#,,file_mask is empty,file_mask is empty,file_mask is empty,file_mask is empty,GA01SUMO-RII11-02-CTDBPP032,recovered_host,,Not installed,NaN
GA01SUMO_R00001_ingest.csv,GA01SUMO,1,#,,file_mask is empty,file_mask is empty,file_mask is empty,file_mask is empty,GA01SUMO-RII11-02-DOSTAD032,recovered_host,,Not installed,NaN
GA01SUMO_R00001_ingest.csv,GA01SUMO,1,#,,file_mask is empty,file_mask is empty,file_mask is empty,file_mask is empty,GA01SUMO-RII11-02-FLORDG032,recovered_host,,Not installed,NaN
GA01SUMO_R00001_ingest.csv,GA01SUMO,1,Ingest.pco2w-abc-imodem_recovered,/omc_data/whoi/OMC/GA01SUMO/R00001/cg_data/dcl16/PCO2W_snC0108/*.DAT,351,0,349,2,GA01SUMO-RII11-02-PCO2WC052,recovered_host,Available,,NaN
GA01SUMO_R00001_ingest.csv,GA01SUMO,1,#Ingest.pco2w-abc_recovered,/omc_data/whoi/OMC/GA01SUMO/R00001/cg_data/dcl16/PCO2W_snC0108/*.txt,0,0,0,0,GA01SUMO-RII11-02-PCO2WC052,recovered_inst,Missing,Data not available. Unable to communicate with instrument,NaN
GA01SUMO_R00001_ingest.csv,GA01SUMO,1,Ingest.phsen-abcdef-imodem_recovered,/omc_data/whoi/OMC/GA01SUMO/R00001/cg_data/dcl16/PHSEN_snP0140/*.DAT,5617,0,5613,4,GA01SUMO-RII11-02-PHSENE042,recovered_host,Available,,NaN
GA01SUMO_R00001_ingest.csv,GA01SUMO,1,Ingest.phsen-abcdef_recovered,/omc_data/whoi/OMC/GA01SUMO/R00001/cg_data/dcl16/PHSEN_snP0140/*.txt,1,0,0,1,GA01SUMO-RII11-02-PHSENE042,recovered_inst,Available,,NaN
GA01SUMO_R00001_ingest.csv,GA01SUMO,1,#,,file_mask is empty,file_mask is empty,file_mask is empty,file_mask is empty,GA01SUMO-RII11-02-CTDBPP033,recovered_inst,,Not installed,NaN
GA01SUMO_R00001_ingest.csv,GA01SUMO,1,#,,file_mask is empty,file_mask is empty,file_mask is empty,file_mask is empty,GA01SUMO-RII11-02-CTDBPP033,recovered_host,,Not installed,NaN
GA01SUMO_R00001_ingest.csv,GA01SUMO,1,#,,file_mask is empty,file_mask is empty,file_mask is empty,file_mask is empty,GA01SUMO-RII11-02-DOSTAD033,recovered_host,,Not installed,NaN
GA01SUMO_R00001_ingest.csv,GA01SUMO,1,#,,file_mask is empty,file_mask is empty,file_mask is empty,file_mask is empty,GA01SUMO-RII11-02-FLORDG033,recovered_host,,Not installed,NaN
GA01SUMO_R00001_ingest.csv,GA01SUMO,1,Ingest.pco2w-abc-imodem_recovered,/omc_data/whoi/OMC/GA01SUMO/R00001/cg_data/dcl16/PCO2W_snC0109/*.DAT,476,0,475,1,GA01SUMO-RII11-02-PCO2WC053,recovered_host,Available,,NaN
GA01SUMO_R00001_ingest.csv,GA01SUMO,1,Ingest.pco2w-abc_recovered,/omc_data/whoi/OMC/GA01SUMO/R00001/cg_data/dcl16/PCO2W_snC0109/*.txt,1,0,0,1,GA01SUMO-RII11-02-PCO2WC053,recovered_inst,Available,,NaN
GA01SUMO_R00001_ingest.csv,GA01SUMO,1,Ingest.ctdmo-ghqr_recovered,/omc_data/whoi/OMC/GA01SUMO/R00001/cg_data/dcl16/CTDMO_sn37-12302/*.hex,1,0,0,1,GA01SUMO-RII11-02-CTDMOQ011,recovered_inst,Available,,NaN
GA01SUMO_R00001_ingest.csv,GA01SUMO,1,Ingest.ctdmo-ghqr_recovered,/omc_data/whoi/OMC/GA01SUMO/R00001/cg_data/dcl16/CTDMO_sn37-12303/*.hex,1,0,0,1,GA01SUMO-RII11-02-CTDMOQ031,recovered_inst,Available,,NaN
GA01SUMO_R00001_ingest.csv,GA01SUMO,1,Ingest.ctdmo-ghqr_recovered,/omc_data/whoi/OMC/GA01SUMO/R00001/cg_data/dcl16/CTDMO_sn37-12606/*.hex,1,0,0,1,GA01SUMO-RII11-02-CTDMOQ012,recovered_inst,Available,,NaN
GA01SUMO_R00001_ingest.csv,GA01SUMO,1,Ingest.ctdmo-ghqr_recovered,/omc_data/whoi/OMC/GA01SUMO/R00001/cg_data/dcl16/CTDMO_sn37-12607/*.hex,1,0,0,1,GA01SUMO-RII11-02-CTDMOQ013,recovered_inst,Available,,NaN
GA01SUMO_R00001_ingest.csv,GA01SUMO,1,Ingest.ctdmo-ghqr_recovered,/omc_data/whoi/OMC/GA01SUMO/R00001/cg_data/dcl16/CTDMO_sn37-12634/*.hex,1,0,0,1,GA01SUMO-RII11-02-CTDMOQ033,recovered_inst,Available,,NaN
GA01SUMO_R00001_ingest.csv,GA01SUMO,1,Ingest.ctdmo-ghqr_recovered,/omc_data/whoi/OMC/GA01SUMO/R00001/cg_data/dcl16/CTDMO_sn37-12635/*.hex,1,0,0,1,GA01SUMO-RII11-02-CTDMOQ014,recovered_inst,Available,,NaN
GA01SUMO_R00001_ingest.csv,GA01SUMO,1,Ingest.ctdmo-ghqr_recovered,/omc_data/whoi/OMC/GA01SUMO/R00001/cg_data/dcl16/CTDMO_sn37-12636/*.hex,1,0,0,1,GA01SUMO-RII11-02-CTDMOQ015,recovered_inst,Available,,NaN
GA01SUMO_R00001_ingest.csv,GA01SUMO,1,Ingest.ctdmo-ghqr_recovered,/omc_data/whoi/OMC/GA01SUMO/R00001/cg_data/dcl16/CTDMO_sn37-12637/*.hex,1,0,0,1,GA01SUMO-RII11-02-CTDMOQ016,recovered_inst,Available,,NaN
GA01SUMO_R00001_ingest.csv,GA01SUMO,1,Ingest.ctdmo-ghqr_recovered,/omc_data/whoi/OMC/GA01SUMO/R00001/cg_data/dcl16/CTDMO_sn37-12639/*.hex,1,0,0,1,GA01SUMO-RII11-02-CTDMOQ017,recovered_inst,Available,,NaN
GA01SUMO_R00001_ingest.csv,GA01SUMO,1,Ingest.ctdmo-ghqr_recovered,/omc_data/whoi/OMC/GA01SUMO/R00001/cg_data/dcl16/CTDMO_sn37-12568/*.hex,1,0,0,1,GA01SUMO-RII11-02-CTDMOR018,recovered_inst,Available,,NaN
GA01SUMO_R00001_ingest.csv,GA01SUMO,1,Ingest.ctdmo-ghqr_recovered,/omc_data/whoi/OMC/GA01SUMO/R00001/cg_data/dcl16/CTDMO_sn37-12569/*.hex,1,0,0,1,GA01SUMO-RII11-02-CTDMOR019,recovered_inst,Available,,NaN
GA01SUMO_R00001_ingest.csv,GA01SUMO,1,Ingest.ctdmo-ghqr_recovered,/omc_data/whoi/OMC/GA01SUMO/R00001/cg_data/dcl16/CTDMO_sn37-12647/*.hex,1,0,0,1,GA01SUMO-RII11-02-CTDMOR020,recovered_inst,Available,,NaN
GA01SUMO_R00001_ingest.csv,GA01SUMO,1,Ingest.ctdmo-ghqr-imodem_recovered,/omc_data/whoi/OMC/GA01SUMO/R00001/cg_data/dcl16/CTDMO_sn37-12302/*.DAT,5760,0,5756,4,GA01SUMO-RII11-02-CTDMOQ011,recovered_host,Available,,NaN
GA01SUMO_R00001_ingest.csv,GA01SUMO,1,Ingest.ctdmo-ghqr-imodem_recovered,/omc_data/whoi/OMC/GA01SUMO/R00001/cg_data/dcl16/CTDMO_sn37-12303/*.DAT,5762,0,5758,4,GA01SUMO-RII11-02-CTDMOQ031,recovered_host,Available,,NaN
GA01SUMO_R00001_ingest.csv,GA01SUMO,1,Ingest.ctdmo-ghqr-imodem_recovered,/omc_data/whoi/OMC/GA01SUMO/R00001/cg_data/dcl16/CTDMO_sn37-12606/*.DAT,5748,0,5744,4,GA01SUMO-RII11-02-CTDMOQ012,recovered_host,Available,,NaN
GA01SUMO_R00001_ingest.csv,GA01SUMO,1,Ingest.ctdmo-ghqr-imodem_recovered,/omc_data/whoi/OMC/GA01SUMO/R00001/cg_data/dcl16/CTDMO_sn37-12607/*.DAT,5760,0,5756,4,GA01SUMO-RII11-02-CTDMOQ013,recovered_host,Available,,NaN
GA01SUMO_R00001_ingest.csv,GA01SUMO,1,Ingest.ctdmo-ghqr-imodem_recovered,/omc_data/whoi/OMC/GA01SUMO/R00001/cg_data/dcl16/CTDMO_sn37-12634/*.DAT,5758,0,5754,4,GA01SUMO-RII11-02-CTDMOQ033,recovered_host,Available,,NaN
GA01SUMO_R00001_ingest.csv,GA01SUMO,1,Ingest.ctdmo-ghqr-imodem_recovered,/omc_data/whoi/OMC/GA01SUMO/R00001/cg_data/dcl16/CTDMO_sn37-12635/*.DAT,5745,0,5740,5,GA01SUMO-RII11-02-CTDMOQ014,recovered_host,Available,,NaN
GA01SUMO_R00001_ingest.csv,GA01SUMO,1,Ingest.ctdmo-ghqr-imodem_recovered,/omc_data/whoi/OMC/GA01SUMO/R00001/cg_data/dcl16/CTDMO_sn37-12636/*.DAT,5737,0,5732,5,GA01SUMO-RII11-02-CTDMOQ015,recovered_host,Available,,NaN
GA01SUMO_R00001_ingest.csv,GA01SUMO,1,Ingest.ctdmo-ghqr-imodem_recovered,/omc_data/whoi/OMC/GA01SUMO/R00001/cg_data/dcl16/CTDMO_sn37-12637/*.DAT,5759,0,5755,4,GA01SUMO-RII11-02-CTDMOQ016,recovered_host,Available,,NaN
GA01SUMO_R00001_ingest.csv,GA01SUMO,1,Ingest.ctdmo-ghqr-imodem_recovered,/omc_data/whoi/OMC/GA01SUMO/R00001/cg_data/dcl16/CTDMO_sn37-12639/*.DAT,5731,0,5725,6,GA01SUMO-RII11-02-CTDMOQ017,recovered_host,Available,,NaN
GA01SUMO_R00001_ingest.csv,GA01SUMO,1,Ingest.ctdmo-ghqr-imodem_recovered,/omc_data/whoi/OMC/GA01SUMO/R00001/cg_data/dcl16/CTDMO_sn37-12568/*.DAT,5755,0,5750,5,GA01SUMO-RII11-02-CTDMOR018,recovered_host,Available,,NaN
GA01SUMO_R00001_ingest.csv,GA01SUMO,1,Ingest.ctdmo-ghqr-imodem_recovered,/omc_data/whoi/OMC/GA01SUMO/R00001/cg_data/dcl16/CTDMO_sn37-12569/*.DAT,5773,0,5768,5,GA01SUMO-RII11-02-CTDMOR019,recovered_host,Available,,NaN
GA01SUMO_R00001_ingest.csv,GA01SUMO,1,Ingest.ctdmo-ghqr-imodem_recovered,/omc_data/whoi/OMC/GA01SUMO/R00001/cg_data/dcl16/CTDMO_sn37-12647/*.DAT,5787,0,5783,4,GA01SUMO-RII11-02-CTDMOR020,recovered_host,Available,,NaN
GA01SUMO_R00001_ingest.csv,GA01SUMO,1,#Ingest.cg-cpm-eng-cpm_recovered,/omc_data/whoi/OMC/GA01SUMO/R00001/irid2shore/cpm_status*.txt,0,0,0,0,GA01SUMO-SBC11-00-CPMENG000,recovered_host,Missing,Recovered data not expected,NaN
GA01SUMO_R00001_ingest.csv,GA01SUMO,1,Ingest.cg-dcl-eng-dcl_recovered,/omc_data/whoi/OMC/GA01SUMO/R00001/cg_data/dcl11/syslog*/*syslog*.log,298,0,2,296,GA01SUMO-SBD11-00-DCLENG000,recovered_host,Available,,NaN
GA01SUMO_R00001_ingest.csv,GA01SUMO,1,Ingest.cg-dcl-eng-dcl_recovered,/omc_data/whoi/OMC/GA01SUMO/R00001/cg_data/dcl12/syslog*/*syslog*.log,266,0,0,266,GA01SUMO-SBD12-00-DCLENG000,recovered_host,Available,,NaN
GA01SUMO_R00001_ingest.csv,GA01SUMO,1,Ingest.cg-dcl-eng-dcl_recovered,/omc_data/whoi/OMC/GA01SUMO/R00001/cg_data/dcl16/syslog*/*syslog*.log,263,0,0,263,GA01SUMO-RID16-00-DCLENG000,recovered_host,Available,,NaN
GA01SUMO_R00002_ingest.csv,GA01SUMO,2,Ingest.mopak-o-dcl_recovered,/omc_data/whoi/OMC/GA01SUMO/R00002/cg_data/dcl11/mopak/*.mopak.log,8718,0,3,8715,GA01SUMO-SBD11-01-MOPAK0000,recovered_host,Available,,NaN
GA01SUMO_R00002_ingest.csv,GA01SUMO,2,Ingest.metbk-a-dcl_recovered,/omc_data/whoi/OMC/GA01SUMO/R00002/cg_data/dcl11/metbk1/*.metbk1.log,371,0,0,371,GA01SUMO-SBD11-06-METBKA000,recovered_host,Available,,NaN
GA01SUMO_R00002_ingest.csv,GA01SUMO,2,Ingest.dosta-abcdjm-dcl_recovered,/omc_data/whoi/OMC/GA01SUMO/R00002/cg_data/dcl11/dosta1/*.dosta1.log,371,0,0,371,GA01SUMO-SBD11-04-DOSTAD000,recovered_host,Available,,NaN
GA01SUMO_R00002_ingest.csv,GA01SUMO,2,Ingest.spkir-abj-dcl_recovered,/omc_data/whoi/OMC/GA01SUMO/R00002/cg_data/dcl11/spkir1/*.spkir1.log,371,0,0,371,GA01SUMO-SBD11-05-SPKIRB000,recovered_host,Available,,NaN
GA01SUMO_R00002_ingest.csv,GA01SUMO,2,Ingest.nutnr-b_recovered,/omc_data/whoi/OMC/GA01SUMO/R00002/instruments/dcl11/NUTNR_sn276/*.DAT,382,0,0,382,GA01SUMO-SBD11-08-NUTNRB000,recovered_inst,Available,,NaN
GA01SUMO_R00002_ingest.csv,GA01SUMO,2,Ingest.nutnr-b-dcl-full_recovered,/omc_data/whoi/OMC/GA01SUMO/R00002/cg_data/dcl11/nutnr1/*nutnr1.log,342,0,1,341,GA01SUMO-SBD11-08-NUTNRB000,recovered_host,Available,,NaN
GA01SUMO_R00002_ingest.csv,GA01SUMO,2,Ingest.hyd-o-dcl_recovered,/omc_data/whoi/OMC/GA01SUMO/R00002/cg_data/dcl11/hyd1/*hyd1.log,370,0,0,370,GA01SUMO-SBD11-03-HYDGN0000,recovered_host,Available,,NaN
GA01SUMO_R00002_ingest.csv,GA01SUMO,2,Ingest.metbk-a-dcl_recovered,/omc_data/whoi/OMC/GA01SUMO/R00002/cg_data/dcl12/metbk2/*.metbk2.log,369,0,10,359,GA01SUMO-SBD12-06-METBKA000,recovered_host,Available,,NaN
GA01SUMO_R00002_ingest.csv,GA01SUMO,2,Ingest.pco2a-a-dcl_recovered,/omc_data/whoi/OMC/GA01SUMO/R00002/cg_data/dcl12/pco2a/*.pco2a.log,368,0,10,358,GA01SUMO-SBD12-04-PCO2AA000,recovered_host,Available,,NaN
GA01SUMO_R00002_ingest.csv,GA01SUMO,2,Ingest.wavss-a-dcl-full_recovered,/omc_data/whoi/OMC/GA01SUMO/R00002/cg_data/dcl12/wavss/*.wavss.log,369,0,10,359,GA01SUMO-SBD12-05-WAVSSA000,recovered_host,Available,,NaN
GA01SUMO_R00002_ingest.csv,GA01SUMO,2,Ingest.optaa-dj-dcl_recovered,/omc_data/whoi/OMC/GA01SUMO/R00002/cg_data/dcl12/optaa1/*.optaa1.log,8680,0,214,8466,GA01SUMO-SBD12-01-OPTAAD000,recovered_host,Available,,NaN
GA01SUMO_R00002_ingest.csv,GA01SUMO,2,Ingest.flort-dj-dcl_recovered,/omc_data/whoi/OMC/GA01SUMO/R00002/cg_data/dcl12/flort1/*.flort1.log,369,0,11,358,GA01SUMO-SBD12-02-FLORTD000,recovered_host,Available,,NaN
GA01SUMO_R00002_ingest.csv,GA01SUMO,2,Ingest.hyd-o-dcl_recovered,/omc_data/whoi/OMC/GA01SUMO/R00002/cg_data/dcl12/hyd2/*hyd2.log,368,0,11,357,GA01SUMO-SBD12-03-HYDGN0000,recovered_host,Available,,NaN
GA01SUMO_R00002_ingest.csv,GA01SUMO,2,Ingest.optaa-dj-dcl_recovered,/omc_data/whoi/OMC/GA01SUMO/R00002/cg_data/dcl16/optaa2/*.optaa2.log,9815,0,704,9111,GA01SUMO-RID16-01-OPTAAD000,recovered_host,Available,,NaN
GA01SUMO_R00002_ingest.csv,GA01SUMO,2,Ingest.flort-dj-dcl_recovered,/omc_data/whoi/OMC/GA01SUMO/R00002/cg_data/dcl16/flort2/*.flort2.log,391,0,7,384,GA01SUMO-RID16-02-FLORTD000,recovered_host,Available,,NaN
GA01SUMO_R00002_ingest.csv,GA01SUMO,2,Ingest.ctdbp-cdef-dcl_recovered,/omc_data/whoi/OMC/GA01SUMO/R00002/cg_data/dcl16/ctdbp/*ctdbp.log,391,0,9,382,GA01SUMO-RID16-03-CTDBPF000,recovered_host,Available,,NaN
GA01SUMO_R00002_ingest.csv,GA01SUMO,2,Ingest.ctdbp-cdef_recovered,/omc_data/whoi/OMC/GA01SUMO/R00002/instruments/dcl16/CTDBP_sn16-50116/*.hex,1,0,0,1,GA01SUMO-RID16-03-CTDBPF000,recovered_inst,Available,,NaN
GA01SUMO_R00002_ingest.csv,GA01SUMO,2,Ingest.velpt-ab-dcl_recovered,/omc_data/whoi/OMC/GA01SUMO/R00002/cg_data/dcl16/velpt/*.velpt.log,391,0,5,386,GA01SUMO-RID16-04-VELPTA000,recovered_host,Available,,NaN
GA01SUMO_R00002_ingest.csv,GA01SUMO,2,#Ingest.velpt-ab_recovered,/omc_data/whoi/OMC/GA01SUMO/R00002/instruments/dcl16/VELPT_snAQD11402/*.aqd,3,0,0,3,GA01SUMO-RID16-04-VELPTA000,recovered_inst,Available,No data - instrument didn't log internally,NaN
GA01SUMO_R00002_ingest.csv,GA01SUMO,2,Ingest.pco2w-abc-dcl_recovered,/omc_data/whoi/OMC/GA01SUMO/R00002/cg_data/dcl16/pco2w/*.pco2w.log,304,0,15,289,GA01SUMO-RID16-05-PCO2WB000,recovered_host,Available,,NaN
GA01SUMO_R00002_ingest.csv,GA01SUMO,2,Ingest.pco2w-abc_recovered,/omc_data/whoi/OMC/GA01SUMO/R00002/instruments/dcl16/PCO2W_snC0112/SAMI_C0112_111116.txt,1,0,0,1,GA01SUMO-RID16-05-PCO2WB000,recovered_inst,Available,,NaN
GA01SUMO_R00002_ingest.csv,GA01SUMO,2,Ingest.dosta-abcdjm-dcl_recovered,/omc_data/whoi/OMC/GA01SUMO/R00002/cg_data/dcl16/dosta2/*.dosta2.log,393,0,1,392,GA01SUMO-RID16-06-DOSTAD000,recovered_host,Available,,NaN
GA01SUMO_R00002_ingest.csv,GA01SUMO,2,Ingest.nutnr-b_recovered,/omc_data/whoi/OMC/GA01SUMO/R00002/instruments/dcl16/NUTNR_sn275/*.DAT,457,0,0,457,GA01SUMO-RID16-07-NUTNRB000,recovered_inst,Available,,NaN
GA01SUMO_R00002_ingest.csv,GA01SUMO,2,Ingest.nutnr-b-dcl-full_recovered,/omc_data/whoi/OMC/GA01SUMO/R00002/cg_data/dcl16/nutnr2/*nutnr2.log,387,0,10,377,GA01SUMO-RID16-07-NUTNRB000,recovered_host,Available,,NaN
GA01SUMO_R00002_ingest.csv,GA01SUMO,2,Ingest.spkir-abj-dcl_recovered,/omc_data/whoi/OMC/GA01SUMO/R00002/cg_data/dcl16/spkir2/*.spkir2.log,393,0,1,392,GA01SUMO-RID16-08-SPKIRB000,recovered_host,Available,,NaN
GA01SUMO_R00002_ingest.csv,GA01SUMO,2,Ingest.adcps-jln-stc_recovered,/omc_data/whoi/OMC/GA01SUMO/R00002/cg_data/dcl11/imm/adcp/adcp*.DAT,8167,0,8122,45,GA01SUMO-RII11-02-ADCPSN010,recovered_host,Available,,NaN
GA01SUMO_R00002_ingest.csv,GA01SUMO,2,Ingest.adcps-jln_recovered,/omc_data/whoi/OMC/GA01SUMO/R00002/instruments/dcl11/imm/ADCP_sn21638/*.000,4,0,0,4,GA01SUMO-RII11-02-ADCPSN010,recovered_inst,Available,,NaN
GA01SUMO_R00002_ingest.csv,GA01SUMO,2,Ingest.phsen-abcdef-imodem_recovered,/omc_data/whoi/OMC/GA01SUMO/R00002/cg_data/dcl11/imm/phsen1/phsen1*.DAT,175,0,165,10,GA01SUMO-RII11-02-PHSENE041,recovered_host,Available,,NaN
GA01SUMO_R00002_ingest.csv,GA01SUMO,2,#Ingest.phsen-abcdef_recovered,/omc_data/whoi/OMC/GA01SUMO/R00002/instruments/imm/dcl11/PHSEN_snP0172/*.txt,0,0,0,0,GA01SUMO-RII11-02-PHSENE041,recovered_inst,Missing,No recovered data - instrument damaged,NaN
GA01SUMO_R00002_ingest.csv,GA01SUMO,2,Ingest.ctdbp-p_recovered,/omc_data/whoi/OMC/GA01SUMO/R00002/instruments/dcl11/imm/CTDBP_sn16-50074/*.hex,1,0,0,1,GA01SUMO-RII11-02-CTDBPP031,recovered_inst,Available,,NaN
GA01SUMO_R00002_ingest.csv,GA01SUMO,2,Ingest.ctdbp-p-dcl_recovered,/omc_data/whoi/OMC/GA01SUMO/R00002/cg_data/dcl11/imm/ctdbp01/ctdbp01*.DAT,4757,0,4755,2,GA01SUMO-RII11-02-CTDBPP031,recovered_host,Available,,NaN
GA01SUMO_R00002_ingest.csv,GA01SUMO,2,Ingest.dosta-abcdjm-ctdbp-p-dcl_recovered,/omc_data/whoi/OMC/GA01SUMO/R00002/cg_data/dcl11/imm/ctdbp01/ctdbp01*.DAT,4757,0,4755,2,GA01SUMO-RII11-02-DOSTAD031,recovered_host,Available,,NaN
GA01SUMO_R00002_ingest.csv,GA01SUMO,2,Ingest.flord-g-ctdbp-p-dcl_recovered,/omc_data/whoi/OMC/GA01SUMO/R00002/cg_data/dcl11/imm/ctdbp01/ctdbp01*.DAT,4757,0,4755,2,GA01SUMO-RII11-02-FLORDG031,recovered_host,Available,,NaN
GA01SUMO_R00002_ingest.csv,GA01SUMO,2,Ingest.pco2w-abc-imodem_recovered,/omc_data/whoi/OMC/GA01SUMO/R00002/cg_data/dcl11/imm/pco2w1/pco2w1*.DAT,8082,0,8069,13,GA01SUMO-RII11-02-PCO2WC051,recovered_host,Available,,NaN
GA01SUMO_R00002_ingest.csv,GA01SUMO,2,Ingest.pco2w-abc_recovered,/omc_data/whoi/OMC/GA01SUMO/R00002/instruments/dcl11/imm/PCO2W_snC0121/*.txt,1,0,0,1,GA01SUMO-RII11-02-PCO2WC051,recovered_inst,Available,,NaN
GA01SUMO_R00002_ingest.csv,GA01SUMO,2,Ingest.ctdbp-p_recovered,/omc_data/whoi/OMC/GA01SUMO/R00002/instruments/dcl11/imm/CTDBP_sn16-50075/*.hex,1,0,0,1,GA01SUMO-RII11-02-CTDBPP032,recovered_inst,Available,,NaN
GA01SUMO_R00002_ingest.csv,GA01SUMO,2,Ingest.ctdbp-p-dcl_recovered,/omc_data/whoi/OMC/GA01SUMO/R00002/cg_data/dcl11/imm/ctdbp02/ctdbp02*.DAT,4912,0,4908,4,GA01SUMO-RII11-02-CTDBPP032,recovered_host,Available,,NaN
GA01SUMO_R00002_ingest.csv,GA01SUMO,2,Ingest.dosta-abcdjm-ctdbp-p-dcl_recovered,/omc_data/whoi/OMC/GA01SUMO/R00002/cg_data/dcl11/imm/ctdbp02/ctdbp02*.DAT,4912,0,4908,4,GA01SUMO-RII11-02-DOSTAD032,recovered_host,Available,,NaN
GA01SUMO_R00002_ingest.csv,GA01SUMO,2,Ingest.flord-g-ctdbp-p-dcl_recovered,/omc_data/whoi/OMC/GA01SUMO/R00002/cg_data/dcl11/imm/ctdbp02/ctdbp02*.DAT,4912,0,4908,4,GA01SUMO-RII11-02-FLORDG032,recovered_host,Available,,NaN
GA01SUMO_R00002_ingest.csv,GA01SUMO,2,Ingest.pco2w-abc-imodem_recovered,/omc_data/whoi/OMC/GA01SUMO/R00002/cg_data/dcl11/imm/pco2w2/pco2w2*.DAT,2392,0,2392,0,GA01SUMO-RII11-02-PCO2WC052,recovered_host,Available,,NaN
GA01SUMO_R00002_ingest.csv,GA01SUMO,2,Ingest.pco2w-abc_recovered,/omc_data/whoi/OMC/GA01SUMO/R00002/instruments/dcl11/imm/PCO2W_snC0122/*.txt,1,0,0,1,GA01SUMO-RII11-02-PCO2WC052,recovered_inst,Available,,NaN
GA01SUMO_R00002_ingest.csv,GA01SUMO,2,Ingest.phsen-abcdef-imodem_recovered,/omc_data/whoi/OMC/GA01SUMO/R00002/cg_data/dcl11/imm/phsen2/phsen2*.DAT,1286,0,1276,10,GA01SUMO-RII11-02-PHSENE042,recovered_host,Available,,NaN
GA01SUMO_R00002_ingest.csv,GA01SUMO,2,Ingest.phsen-abcdef_recovered,/omc_data/whoi/OMC/GA01SUMO/R00002/instruments/dcl11/imm/PHSEN_snP0171/SAMI_P0171_091116.txt,1,0,0,1,GA01SUMO-RII11-02-PHSENE042,recovered_inst,Available,,NaN
GA01SUMO_R00002_ingest.csv,GA01SUMO,2,Ingest.ctdbp-p_recovered,/omc_data/whoi/OMC/GA01SUMO/R00002/instruments/dcl11/imm/CTDBP_sn16-50076/*.hex,1,0,0,1,GA01SUMO-RII11-02-CTDBPP033,recovered_inst,Available,,NaN
GA01SUMO_R00002_ingest.csv,GA01SUMO,2,Ingest.ctdbp-p-dcl_recovered,/omc_data/whoi/OMC/GA01SUMO/R00002/cg_data/dcl11/imm/ctdbp03/ctdbp03*.DAT,3429,0,3427,2,GA01SUMO-RII11-02-CTDBPP033,recovered_host,Available,,NaN
GA01SUMO_R00002_ingest.csv,GA01SUMO,2,Ingest.dosta-abcdjm-ctdbp-p-dcl_recovered,/omc_data/whoi/OMC/GA01SUMO/R00002/cg_data/dcl11/imm/ctdbp03/ctdbp03*.DAT,3429,0,3427,2,GA01SUMO-RII11-02-DOSTAD033,recovered_host,Available,,NaN
GA01SUMO_R00002_ingest.csv,GA01SUMO,2,Ingest.flord-g-ctdbp-p-dcl_recovered,/omc_data/whoi/OMC/GA01SUMO/R00002/cg_data/dcl11/imm/ctdbp03/ctdbp03*.DAT,3429,0,3427,2,GA01SUMO-RII11-02-FLORDG033,recovered_host,Available,,NaN
GA01SUMO_R00002_ingest.csv,GA01SUMO,2,#Ingest.pco2w-abc-imodem_recovered,,file_mask is empty,file_mask is empty,file_mask is empty,file_mask is empty,GA01SUMO-RII11-02-PCO2WC053,recovered_host,,Not deployed,NaN
GA01SUMO_R00002_ingest.csv,GA01SUMO,2,#Ingest.pco2w-abc_recovered,,file_mask is empty,file_mask is empty,file_mask is empty,file_mask is empty,GA01SUMO-RII11-02-PCO2WC053,recovered_inst,,Not deployed,NaN
GA01SUMO_R00002_ingest.csv,GA01SUMO,2,Ingest.ctdmo-ghqr_recovered,/omc_data/whoi/OMC/GA01SUMO/R00002/instruments/dcl11/imm/CTDMO_sn37-13378/*.hex,1,0,0,1,GA01SUMO-RII11-02-CTDMOQ011,recovered_inst,Available,,NaN
GA01SUMO_R00002_ingest.csv,GA01SUMO,2,Ingest.ctdmo-ghqr_recovered,/omc_data/whoi/OMC/GA01SUMO/R00002/instruments/dcl11/imm/CTDMO_sn37-13379/*.hex,1,0,0,1,GA01SUMO-RII11-02-CTDMOQ012,recovered_inst,Available,,NaN
GA01SUMO_R00002_ingest.csv,GA01SUMO,2,Ingest.ctdmo-ghqr_recovered,/omc_data/whoi/OMC/GA01SUMO/R00002/instruments/dcl11/imm/CTDMO_sn37-13380/*.hex,1,0,0,1,GA01SUMO-RII11-02-CTDMOQ013,recovered_inst,Available,,NaN
GA01SUMO_R00002_ingest.csv,GA01SUMO,2,Ingest.ctdmo-ghqr_recovered,/omc_data/whoi/OMC/GA01SUMO/R00002/instruments/dcl11/imm/CTDMO_sn37-13381/*.hex,1,0,0,1,GA01SUMO-RII11-02-CTDMOQ014,recovered_inst,Available,,NaN
GA01SUMO_R00002_ingest.csv,GA01SUMO,2,Ingest.ctdmo-ghqr_recovered,/omc_data/whoi/OMC/GA01SUMO/R00002/instruments/dcl11/imm/CTDMO_sn37-13555/*.hex,1,0,0,1,GA01SUMO-RII11-02-CTDMOQ015,recovered_inst,Available,,NaN
GA01SUMO_R00002_ingest.csv,GA01SUMO,2,Ingest.ctdmo-ghqr_recovered,/omc_data/whoi/OMC/GA01SUMO/R00002/instruments/dcl11/imm/CTDMO_sn37-13556/*.hex,1,0,0,1,GA01SUMO-RII11-02-CTDMOQ016,recovered_inst,Available,,NaN
GA01SUMO_R00002_ingest.csv,GA01SUMO,2,Ingest.ctdmo-ghqr_recovered,/omc_data/whoi/OMC/GA01SUMO/R00002/instruments/dcl11/imm/CTDMO_sn37-13557/*.hex,1,0,0,1,GA01SUMO-RII11-02-CTDMOQ017,recovered_inst,Available,,NaN
GA01SUMO_R00002_ingest.csv,GA01SUMO,2,#Ingest.ctdmo-ghqr_recovered,,file_mask is empty,file_mask is empty,file_mask is empty,file_mask is empty,GA01SUMO-RII11-02-CTDMOQ031,recovered_inst,,Not deployed,NaN
GA01SUMO_R00002_ingest.csv,GA01SUMO,2,#Ingest.ctdmo-ghqr_recovered,,file_mask is empty,file_mask is empty,file_mask is empty,file_mask is empty,GA01SUMO-RII11-02-CTDMOQ033,recovered_inst,,Not deployed,NaN
GA01SUMO_R00002_ingest.csv,GA01SUMO,2,Ingest.ctdmo-ghqr_recovered,/omc_data/whoi/OMC/GA01SUMO/R00002/instruments/dcl11/imm/CTDMO_sn37-13629/*.hex,1,0,0,1,GA01SUMO-RII11-02-CTDMOR018,recovered_inst,Available,,NaN
GA01SUMO_R00002_ingest.csv,GA01SUMO,2,Ingest.ctdmo-ghqr_recovered,/omc_data/whoi/OMC/GA01SUMO/R00002/instruments/dcl11/imm/CTDMO_sn37-13630/*.hex,1,0,0,1,GA01SUMO-RII11-02-CTDMOR019,recovered_inst,Available,,NaN
GA01SUMO_R00002_ingest.csv,GA01SUMO,2,Ingest.ctdmo-ghqr_recovered,/omc_data/whoi/OMC/GA01SUMO/R00002/instruments/dcl11/imm/CTDMO_sn37-13648/*.hex,1,0,0,1,GA01SUMO-RII11-02-CTDMOR020,recovered_inst,Available,,NaN
GA01SUMO_R00002_ingest.csv,GA01SUMO,2,Ingest.ctdmo-ghqr-imodem_recovered,/omc_data/whoi/OMC/GA01SUMO/R00002/cg_data/dcl11/imm/ctdmo01/ctdmo01*.DAT,8209,0,8192,17,GA01SUMO-RII11-02-CTDMOQ011,recovered_host,Available,,NaN
GA01SUMO_R00002_ingest.csv,GA01SUMO,2,Ingest.ctdmo-ghqr-imodem_recovered,/omc_data/whoi/OMC/GA01SUMO/R00002/cg_data/dcl11/imm/ctdmo02/ctdmo02*.DAT,8191,0,8174,17,GA01SUMO-RII11-02-CTDMOQ012,recovered_host,Available,,NaN
GA01SUMO_R00002_ingest.csv,GA01SUMO,2,Ingest.ctdmo-ghqr-imodem_recovered,/omc_data/whoi/OMC/GA01SUMO/R00002/cg_data/dcl11/imm/ctdmo03/ctdmo03*.DAT,8204,0,8187,17,GA01SUMO-RII11-02-CTDMOQ013,recovered_host,Available,,NaN
GA01SUMO_R00002_ingest.csv,GA01SUMO,2,Ingest.ctdmo-ghqr-imodem_recovered,/omc_data/whoi/OMC/GA01SUMO/R00002/cg_data/dcl11/imm/ctdmo04/ctdmo04*.DAT,8208,0,8191,17,GA01SUMO-RII11-02-CTDMOQ014,recovered_host,Available,,NaN
GA01SUMO_R00002_ingest.csv,GA01SUMO,2,Ingest.ctdmo-ghqr-imodem_recovered,/omc_data/whoi/OMC/GA01SUMO/R00002/cg_data/dcl11/imm/ctdmo05/ctdmo05*.DAT,8206,0,8190,16,GA01SUMO-RII11-02-CTDMOQ015,recovered_host,Available,,NaN
GA01SUMO_R00002_ingest.csv,GA01SUMO,2,Ingest.ctdmo-ghqr-imodem_recovered,/omc_data/whoi/OMC/GA01SUMO/R00002/cg_data/dcl11/imm/ctdmo06/ctdmo06*.DAT,8206,0,8189,17,GA01SUMO-RII11-02-CTDMOQ016,recovered_host,Available,,NaN
GA01SUMO_R00002_ingest.csv,GA01SUMO,2,Ingest.ctdmo-ghqr-imodem_recovered,/omc_data/whoi/OMC/GA01SUMO/R00002/cg_data/dcl11/imm/ctdmo07/ctdmo07*.DAT,8199,0,8182,17,GA01SUMO-RII11-02-CTDMOQ017,recovered_host,Available,,NaN
GA01SUMO_R00002_ingest.csv,GA01SUMO,2,#Ingest.ctdmo-ghqr-imodem_recovered,,file_mask is empty,file_mask is empty,file_mask is empty,file_mask is empty,GA01SUMO-RII11-02-CTDMOQ031,recovered_host,,Not deployed,NaN
GA01SUMO_R00002_ingest.csv,GA01SUMO,2,#Ingest.ctdmo-ghqr-imodem_recovered,,file_mask is empty,file_mask is empty,file_mask is empty,file_mask is empty,GA01SUMO-RII11-02-CTDMOQ033,recovered_host,,Not deployed,NaN
GA01SUMO_R00002_ingest.csv,GA01SUMO,2,Ingest.ctdmo-ghqr-imodem_recovered,/omc_data/whoi/OMC/GA01SUMO/R00002/cg_data/dcl11/imm/ctdmo08/ctdmo08*.DAT,8196,0,8180,16,GA01SUMO-RII11-02-CTDMOR018,recovered_host,Available,,NaN
GA01SUMO_R00002_ingest.csv,GA01SUMO,2,Ingest.ctdmo-ghqr-imodem_recovered,/omc_data/whoi/OMC/GA01SUMO/R00002/cg_data/dcl11/imm/ctdmo09/ctdmo09*.DAT,8192,0,8175,17,GA01SUMO-RII11-02-CTDMOR019,recovered_host,Available,,NaN
GA01SUMO_R00002_ingest.csv,GA01SUMO,2,Ingest.ctdmo-ghqr-imodem_recovered,/omc_data/whoi/OMC/GA01SUMO/R00002/cg_data/dcl11/imm/ctdmo10/ctdmo10*.DAT,8190,0,8173,17,GA01SUMO-RII11-02-CTDMOR020,recovered_host,Available,,NaN
GA01SUMO_R00002_ingest.csv,GA01SUMO,2,Ingest.cg-cpm-eng-cpm_recovered,/omc_data/whoi/OMC/GA01SUMO/R00002/cg_data/cpm1/irid2shore/cpm_status*.txt,2210,0,0,2210,GA01SUMO-SBC11-00-CPMENG000,recovered_host,Available,,NaN
GA01SUMO_R00002_ingest.csv,GA01SUMO,2,Ingest.cg-dcl-eng-dcl_recovered,/omc_data/whoi/OMC/GA01SUMO/R00002/cg_data/dcl11/syslog/*syslog.log,402,0,0,402,GA01SUMO-SBD11-00-DCLENG000,recovered_host,Available,,NaN
GA01SUMO_R00002_ingest.csv,GA01SUMO,2,Ingest.cg-dcl-eng-dcl_recovered,/omc_data/whoi/OMC/GA01SUMO/R00002/cg_data/dcl12/syslog/*syslog.log,400,0,10,390,GA01SUMO-SBD12-00-DCLENG000,recovered_host,Available,,NaN
GA01SUMO_R00002_ingest.csv,GA01SUMO,2,Ingest.cg-dcl-eng-dcl_recovered,/omc_data/whoi/OMC/GA01SUMO/R00002/cg_data/dcl16/syslog/*syslog.log,393,0,0,393,GA01SUMO-RID16-00-DCLENG000,recovered_host,Available,,NaN